MedicineName,Category,Company,BatchNo,BuyPrice,SellingPrice,Stock,ExpiryDate,Barcode
Product 0001,Respiratory,PentaHealth,BATCH-2534-D,59.69,69.19,67,2027-08-07,605013925775
Product 0002,Antiseptic,NovaPharma,BATCH-5391-C,133.81,166.14,210,2027-12-30,732893414435
Product 0003,Antiseptic,CureChem,BATCH-8591-B,358.60,423.45,371,2027-06-19,734099874335
Product 0004,Antibiotic,PentaHealth,BATCH-6980-C,281.77,375.50,406,2028-06-19,891098230254
Product 0005,Antibiotic,MediPharm,BATCH-1429-B,323.25,477.65,113,2028-05-04,736172700894
Product 0006,Dermatology,WellLife,BATCH-2784-A,262.46,310.23,294,2026-06-08,602668549400
Product 0007,Cardiac,MediPharm,BATCH-7241-E,498.58,674.03,348,2026-08-01,380437762455
Product 0008,Antihistamine,CureChem,BATCH-9340-D,399.17,544.46,16,2027-12-28,427145768025
Product 0009,Dermatology,WellLife,BATCH-6072-D,278.68,412.12,150,2028-05-06,435297576707
Product 0010,Antiseptic,NovaPharma,BATCH-4777-E,152.31,187.71,245,2027-01-30,623513452265
Product 0011,Antibiotic,WellLife,BATCH-3949-D,73.67,103.62,129,2027-11-10,190085186021
Product 0012,Respiratory,PharmaPlus,BATCH-9445-C,439.04,564.67,95,2027-04-18,501530092007
Product 0013,Analgesic,NovaPharma,BATCH-9736-A,306.41,398.14,439,2027-10-08,678357185474
Product 0014,Antihistamine,HealthCorp,BATCH-6101-A,221.15,317.66,373,2027-12-24,805269042776
Product 0015,Analgesic,NovaPharma,BATCH-7937-A,302.42,428.44,136,2028-02-08,402206615435
Product 0016,Antiseptic,CareGen,BATCH-3426-A,350.78,519.27,418,2026-06-01,411024752039
Product 0017,Diabetes,BioHeal,BATCH-7355-C,185.35,260.15,410,2026-05-08,254098014927
Product 0018,Analgesic,PharmaPlus,BATCH-8437-B,194.37,280.41,136,2028-05-30,845481100359
Product 0019,Analgesic,BioHeal,BATCH-6103-B,257.48,321.71,90,2028-04-01,435022190315
Product 0020,Antacid,PentaHealth,BATCH-7120-D,23.94,31.01,475,2028-01-30,609143309149
Product 0021,Vitamin,HealthCorp,BATCH-1771-C,157.58,196.41,179,2027-09-02,936612383913
Product 0022,Respiratory,NovaPharma,BATCH-6071-D,258.50,371.76,121,2028-06-01,856571540694
Product 0023,Analgesic,MediPharm,BATCH-9160-A,120.16,142.65,24,2027-07-07,763880585235
Product 0024,Dermatology,LifeMeds,BATCH-8602-C,27.85,41.16,369,2026-06-02,388086489992
Product 0025,Vitamin,NovaPharma,BATCH-2305-A,60.24,85.60,339,2027-04-16,205630130683
Product 0026,Respiratory,BioHeal,BATCH-6337-E,341.70,394.10,317,2027-06-12,483604338667
Product 0027,Antibiotic,WellLife,BATCH-5851-A,215.32,301.15,102,2026-04-19,368443875452
Product 0028,Dermatology,PentaHealth,BATCH-1160-E,86.70,114.99,128,2028-01-16,775200923409
Product 0029,Respiratory,PharmaPlus,BATCH-8309-E,115.81,149.01,114,2028-04-26,835763922921
Product 0030,Antacid,MediPharm,BATCH-3884-E,450.46,610.65,176,2026-05-21,356937737812
Product 0031,Cardiac,CareGen,BATCH-5866-B,489.28,718.40,186,2027-02-16,216864475462
Product 0032,Diabetes,PharmaPlus,BATCH-6456-E,261.12,318.27,241,2028-05-08,768490463565
Product 0033,Antihistamine,NovaPharma,BATCH-6406-D,54.28,70.60,164,2026-10-06,783813075447
Product 0034,Dermatology,PharmaPlus,BATCH-1541-E,256.40,370.28,70,2027-08-31,682673930832
Product 0035,Cardiac,CareGen,BATCH-8034-C,191.02,237.91,64,2027-05-28,495549044612
Product 0036,Antihistamine,LifeMeds,BATCH-7881-A,324.89,379.24,304,2028-05-13,600282248725
Product 0037,Vitamin,LifeMeds,BATCH-1863-E,286.95,414.24,35,2026-08-04,187121214663
Product 0038,Antibiotic,CareGen,BATCH-1813-E,449.10,559.49,399,2026-10-14,268176375681
Product 0039,Analgesic,PentaHealth,BATCH-8365-D,127.75,153.84,223,2026-08-13,775913321825
Product 0040,Antiseptic,PharmaPlus,BATCH-3819-B,337.03,459.65,448,2026-08-10,503958981090
Product 0041,Dermatology,CureChem,BATCH-3098-C,391.10,460.32,189,2028-05-11,751871564785
Product 0042,Dermatology,PentaHealth,BATCH-9237-A,135.26,180.85,139,2028-05-16,964628563399
Product 0043,Antibiotic,PentaHealth,BATCH-6185-E,48.88,56.84,108,2026-06-21,758567222285
Product 0044,Vitamin,MediPharm,BATCH-8374-E,272.96,376.16,112,2026-11-28,366710791561
Product 0045,Antihistamine,NovaPharma,BATCH-4644-A,47.95,66.15,107,2027-01-01,954497101385
Product 0046,Diabetes,WellLife,BATCH-2770-B,44.58,60.11,361,2028-02-14,958600064081
Product 0047,Dermatology,LifeMeds,BATCH-5776-D,252.63,338.19,405,2028-03-20,668497822713
Product 0048,Cardiac,PharmaPlus,BATCH-5763-C,223.84,312.04,65,2027-06-19,178232890563
Product 0049,Analgesic,NovaPharma,BATCH-1400-A,195.21,246.38,116,2027-08-29,850896487890
Product 0050,Antiseptic,HealthCorp,BATCH-6658-D,300.73,387.12,479,2027-10-16,646465367989
Product 0051,Diabetes,MediPharm,BATCH-4594-D,68.80,84.69,377,2026-08-22,537098743197
Product 0052,Respiratory,CureChem,BATCH-9809-D,107.44,146.01,418,2026-11-02,854372356369
Product 0053,Vitamin,CureChem,BATCH-4181-A,354.38,459.54,184,2028-02-17,426697421336
Product 0054,Cardiac,CareGen,BATCH-3618-B,324.53,381.05,314,2027-07-21,825308536382
Product 0055,Antacid,HealthCorp,BATCH-9267-D,56.96,76.30,163,2028-05-30,194465030912
Product 0056,Diabetes,WellLife,BATCH-3928-E,204.60,256.00,180,2027-05-29,960455903648
Product 0057,Antiseptic,PharmaPlus,BATCH-9457-D,84.51,109.61,104,2028-02-14,659751189052
Product 0058,Vitamin,LifeMeds,BATCH-3546-C,264.50,347.48,263,2026-07-13,105952298377
Product 0059,Antiseptic,CureChem,BATCH-2224-A,304.32,353.66,449,2027-02-03,849377549265
Product 0060,Antihistamine,HealthCorp,BATCH-2098-D,415.43,531.64,83,2026-10-17,785254407673
Product 0061,Antiseptic,WellLife,BATCH-6480-B,139.78,171.43,63,2026-10-03,374835558863
Product 0062,Cardiac,PentaHealth,BATCH-6075-A,32.83,40.87,243,2026-10-30,492892238582
Product 0063,Antihistamine,CureChem,BATCH-9783-A,373.37,467.56,481,2026-05-17,731448743553
Product 0064,Diabetes,BioHeal,BATCH-1552-C,228.98,302.15,472,2027-03-28,500448558985
Product 0065,Respiratory,HealthCorp,BATCH-4009-D,39.71,57.36,132,2026-08-25,853679730377
Product 0066,Antiseptic,MediPharm,BATCH-6617-D,467.52,604.71,456,2027-12-13,503537643316
Product 0067,Dermatology,NovaPharma,BATCH-6342-D,96.82,125.11,477,2027-12-14,610731555535
Product 0068,Cardiac,HealthCorp,BATCH-5736-A,465.81,689.76,117,2026-04-27,851620765517
Product 0069,Dermatology,WellLife,BATCH-3490-C,66.54,79.20,38,2028-06-08,481357678080
Product 0070,Dermatology,PentaHealth,BATCH-9646-E,149.71,213.11,153,2028-03-18,175040730447
Product 0071,Diabetes,PentaHealth,BATCH-1632-A,471.65,604.64,149,2027-10-18,753706642438
Product 0072,Respiratory,LifeMeds,BATCH-5174-B,272.73,329.00,80,2028-05-30,240274289123
Product 0073,Cardiac,PentaHealth,BATCH-1088-E,265.41,361.13,383,2027-12-03,365377432394
Product 0074,Antihistamine,NovaPharma,BATCH-2254-D,215.05,265.23,409,2028-05-18,294472587889
Product 0075,Cardiac,PharmaPlus,BATCH-7760-E,496.26,685.39,282,2026-09-07,651838967794
Product 0076,Diabetes,MediPharm,BATCH-8046-A,331.55,417.79,463,2027-05-20,535844109898
Product 0077,Antiseptic,BioHeal,BATCH-8606-B,277.34,361.10,182,2027-11-25,657523965778
Product 0078,Antiseptic,BioHeal,BATCH-6207-E,43.92,65.26,310,2027-05-03,927742659616
Product 0079,Vitamin,CareGen,BATCH-1643-A,405.99,546.38,474,2026-07-25,974271483965
Product 0080,Cardiac,WellLife,BATCH-3461-A,216.40,263.04,40,2027-03-23,762259357862
Product 0081,Cardiac,PentaHealth,BATCH-9761-C,492.83,660.82,348,2026-11-16,212204757237
Product 0082,Vitamin,LifeMeds,BATCH-6901-C,201.76,281.87,81,2026-10-14,524402598427
Product 0083,Diabetes,WellLife,BATCH-9153-C,159.11,192.96,492,2026-07-13,913965397456
Product 0084,Cardiac,LifeMeds,BATCH-8408-B,198.95,274.44,163,2028-02-05,664224928055
Product 0085,Diabetes,HealthCorp,BATCH-4046-D,170.34,225.21,388,2027-07-10,302299036271
Product 0086,Vitamin,PentaHealth,BATCH-4045-A,257.27,344.74,62,2026-11-15,869909576864
Product 0087,Analgesic,LifeMeds,BATCH-9610-D,495.51,641.96,329,2028-06-19,568796400719
Product 0088,Antacid,NovaPharma,BATCH-6312-D,66.32,78.23,395,2028-01-08,864219429961
Product 0089,Antacid,WellLife,BATCH-7780-B,461.89,676.89,321,2028-05-27,878571749053
Product 0090,Antihistamine,PharmaPlus,BATCH-5517-B,288.37,375.98,473,2027-04-02,874217886410
Product 0091,Cardiac,BioHeal,BATCH-9614-A,176.21,204.56,73,2027-07-10,193420526307
Product 0092,Vitamin,CareGen,BATCH-4193-C,397.18,572.48,412,2027-09-04,981782779629
Product 0093,Dermatology,PharmaPlus,BATCH-5943-A,412.19,498.98,496,2028-02-27,968730502979
Product 0094,Respiratory,WellLife,BATCH-1952-C,328.73,492.21,52,2026-10-18,275027029931
Product 0095,Dermatology,PharmaPlus,BATCH-7461-A,122.91,156.04,495,2028-04-14,252313591890
Product 0096,Antiseptic,NovaPharma,BATCH-5370-E,70.82,86.54,403,2027-09-28,433886807004
Product 0097,Vitamin,PharmaPlus,BATCH-9574-C,455.37,668.88,435,2028-04-10,422578772773
Product 0098,Analgesic,PharmaPlus,BATCH-3290-C,136.53,167.21,500,2027-03-14,125819380528
Product 0099,Dermatology,HealthCorp,BATCH-2419-E,278.64,385.13,149,2027-10-14,328271565715
Product 0100,Diabetes,HealthCorp,BATCH-3566-C,185.08,256.45,429,2027-12-03,425181618063
Product 0101,Antihistamine,MediPharm,BATCH-8907-E,102.71,146.34,460,2028-03-16,929535880861
Product 0102,Antihistamine,PharmaPlus,BATCH-7751-B,457.83,557.22,75,2027-06-13,113268635798
Product 0103,Diabetes,CareGen,BATCH-9028-A,472.12,674.41,498,2026-05-25,486737288915
Product 0104,Respiratory,PentaHealth,BATCH-9793-B,28.13,35.32,44,2028-02-27,225489198615
Product 0105,Vitamin,NovaPharma,BATCH-5754-B,288.11,357.34,351,2026-09-08,926436740936
Product 0106,Analgesic,WellLife,BATCH-4221-A,455.04,563.99,187,2026-11-24,539602678362
Product 0107,Analgesic,NovaPharma,BATCH-1250-E,172.78,228.71,381,2026-11-20,990593604115
Product 0108,Analgesic,MediPharm,BATCH-2549-E,200.86,252.44,225,2028-02-14,310030554786
Product 0109,Analgesic,NovaPharma,BATCH-1866-A,175.14,237.31,246,2026-12-22,993550398576
Product 0110,Antibiotic,NovaPharma,BATCH-9130-C,437.68,536.77,335,2026-12-23,273977143378
Product 0111,Respiratory,MediPharm,BATCH-8696-C,145.70,214.74,107,2027-10-02,564643439075
Product 0112,Respiratory,CareGen,BATCH-5190-B,90.06,129.21,25,2028-03-26,290650007731
Product 0113,Vitamin,LifeMeds,BATCH-3430-E,370.94,465.61,206,2027-04-06,348751046114
Product 0114,Cardiac,CareGen,BATCH-8572-A,97.89,117.16,459,2027-02-02,236485704954
Product 0115,Vitamin,PentaHealth,BATCH-1587-C,38.01,52.32,270,2028-03-26,960600834068
Product 0116,Antiseptic,NovaPharma,BATCH-8585-E,349.72,507.24,475,2028-02-07,659264190117
Product 0117,Dermatology,PharmaPlus,BATCH-4165-C,47.48,67.97,79,2026-04-02,947076828210
Product 0118,Respiratory,PentaHealth,BATCH-4222-B,162.75,191.31,480,2028-04-24,840982905128
Product 0119,Diabetes,BioHeal,BATCH-8292-B,30.74,42.05,359,2026-11-06,496747264439
Product 0120,Dermatology,LifeMeds,BATCH-8220-E,178.32,252.31,465,2027-04-01,209244569189
Product 0121,Antiseptic,PentaHealth,BATCH-2947-A,89.29,107.06,112,2027-11-22,406909252045
Product 0122,Respiratory,CureChem,BATCH-6512-E,165.40,212.36,393,2027-06-03,382827040613
Product 0123,Cardiac,CureChem,BATCH-6866-E,287.58,387.45,349,2026-05-24,592298180833
Product 0124,Vitamin,PentaHealth,BATCH-7956-B,262.78,312.18,402,2027-06-14,801408053820
Product 0125,Diabetes,WellLife,BATCH-6406-B,261.63,341.71,146,2026-11-10,458720966142
Product 0126,Cardiac,LifeMeds,BATCH-2580-C,366.96,448.75,435,2027-11-10,975810501774
Product 0127,Antibiotic,BioHeal,BATCH-2297-B,334.92,417.36,464,2028-04-15,703831424154
Product 0128,Antiseptic,CureChem,BATCH-7296-B,453.98,618.18,48,2026-06-09,309238424680
Product 0129,Dermatology,PentaHealth,BATCH-5693-A,371.50,441.13,253,2027-09-28,850867993809
Product 0130,Vitamin,LifeMeds,BATCH-5696-D,328.31,391.93,251,2026-09-22,596184932366
Product 0131,Diabetes,LifeMeds,BATCH-8447-B,473.10,625.58,374,2027-05-14,388730550698
Product 0132,Analgesic,WellLife,BATCH-4071-B,428.76,610.18,198,2027-06-30,525689002178
Product 0133,Dermatology,PharmaPlus,BATCH-5586-D,325.94,410.73,85,2027-08-20,256970375060
Product 0134,Respiratory,WellLife,BATCH-1561-D,113.97,162.24,369,2026-09-28,555610169910
Product 0135,Analgesic,PentaHealth,BATCH-6255-A,68.97,103.36,255,2028-01-27,526846205177
Product 0136,Antacid,CareGen,BATCH-6728-D,274.89,328.45,18,2026-12-14,431403721569
Product 0137,Cardiac,BioHeal,BATCH-1454-D,107.39,151.97,130,2027-06-23,754052361577
Product 0138,Antibiotic,PharmaPlus,BATCH-1326-E,82.86,106.87,311,2027-08-13,683183469484
Product 0139,Cardiac,HealthCorp,BATCH-8001-C,211.14,311.45,11,2027-11-26,983018540400
Product 0140,Antiseptic,CureChem,BATCH-8168-B,142.57,171.53,122,2027-10-02,807290972870
Product 0141,Respiratory,BioHeal,BATCH-3805-A,190.49,242.31,499,2026-06-13,562222151518
Product 0142,Antiseptic,WellLife,BATCH-2942-C,83.08,104.25,108,2027-09-02,256828902960
Product 0143,Analgesic,CareGen,BATCH-2779-B,266.07,308.16,258,2027-02-01,100613668115
Product 0144,Analgesic,LifeMeds,BATCH-5667-A,54.01,66.84,256,2027-03-24,619407739052
Product 0145,Antibiotic,LifeMeds,BATCH-6947-B,289.09,426.11,446,2028-01-24,178850338621
Product 0146,Antiseptic,WellLife,BATCH-1476-C,326.03,403.05,398,2027-11-09,538853647076
Product 0147,Cardiac,MediPharm,BATCH-1559-D,402.54,514.29,349,2028-02-12,724070939504
Product 0148,Vitamin,PentaHealth,BATCH-5279-A,108.06,137.36,389,2028-05-11,205528472642
Product 0149,Dermatology,CareGen,BATCH-2110-A,474.59,610.50,405,2027-05-25,354820731115
Product 0150,Antiseptic,PentaHealth,BATCH-2586-A,242.06,357.17,466,2026-05-12,503664027116
Product 0151,Dermatology,PharmaPlus,BATCH-5064-B,393.20,545.37,164,2028-03-06,539105360544
Product 0152,Antacid,LifeMeds,BATCH-3367-B,125.67,158.46,397,2027-12-14,341223620533
Product 0153,Cardiac,LifeMeds,BATCH-2129-A,282.56,383.95,124,2028-05-21,877829001809
Product 0154,Vitamin,WellLife,BATCH-8732-A,410.02,478.94,376,2027-02-23,829837003004
Product 0155,Antiseptic,CareGen,BATCH-3862-E,458.08,667.05,231,2026-04-10,457237532704
Product 0156,Respiratory,WellLife,BATCH-8967-B,100.04,137.71,417,2028-01-22,280748978600
Product 0157,Respiratory,WellLife,BATCH-5362-D,280.73,370.95,21,2027-03-25,992967061183
Product 0158,Antacid,PentaHealth,BATCH-3671-A,94.86,134.54,282,2028-02-24,346257243673
Product 0159,Antihistamine,BioHeal,BATCH-2963-C,494.07,691.48,189,2027-08-28,818995864941
Product 0160,Antiseptic,BioHeal,BATCH-2898-D,410.63,597.33,110,2028-05-11,166532476245
Product 0161,Diabetes,WellLife,BATCH-9740-E,38.69,50.38,290,2026-12-09,561827199490
Product 0162,Dermatology,MediPharm,BATCH-9319-A,56.12,73.36,176,2028-03-14,325419122391
Product 0163,Dermatology,WellLife,BATCH-5439-E,205.97,281.95,81,2026-07-25,913395116001
Product 0164,Respiratory,WellLife,BATCH-5089-E,342.53,484.18,146,2026-08-22,849956259610
Product 0165,Dermatology,NovaPharma,BATCH-2522-B,242.75,324.19,90,2026-08-28,168507523779
Product 0166,Antiseptic,HealthCorp,BATCH-1168-D,159.83,221.29,500,2026-07-01,307064757053
Product 0167,Vitamin,CureChem,BATCH-7121-C,145.03,209.10,235,2026-04-01,383689919048
Product 0168,Respiratory,PentaHealth,BATCH-6698-D,469.87,585.77,354,2028-04-03,848721110889
Product 0169,Diabetes,PharmaPlus,BATCH-3179-C,44.94,66.49,422,2027-11-19,706485727577
Product 0170,Antibiotic,PentaHealth,BATCH-7455-B,69.11,100.39,456,2027-05-09,521745663171
Product 0171,Antacid,BioHeal,BATCH-3400-A,407.01,523.18,292,2026-09-20,998989402667
Product 0172,Respiratory,NovaPharma,BATCH-8749-D,415.61,614.09,46,2026-12-04,159134063789
Product 0173,Diabetes,HealthCorp,BATCH-5206-D,416.60,586.82,302,2026-07-21,653947825964
Product 0174,Antihistamine,MediPharm,BATCH-8969-D,422.61,557.89,170,2028-02-09,837677190497
Product 0175,Antacid,NovaPharma,BATCH-9862-B,274.80,408.82,242,2026-07-20,592525286545
Product 0176,Vitamin,CureChem,BATCH-2355-C,141.85,197.89,412,2026-06-18,615855732198
Product 0177,Antiseptic,PentaHealth,BATCH-4605-B,375.87,456.56,360,2026-09-21,292648000726
Product 0178,Vitamin,MediPharm,BATCH-6924-A,160.19,196.37,185,2027-03-17,433717623019
Product 0179,Antihistamine,WellLife,BATCH-7864-B,425.42,605.30,500,2026-05-12,602499754347
Product 0180,Antihistamine,NovaPharma,BATCH-9440-C,325.68,375.29,279,2026-05-13,677368486347
Product 0181,Analgesic,MediPharm,BATCH-3856-B,230.72,295.07,363,2027-01-04,917248736277
Product 0182,Respiratory,WellLife,BATCH-6320-D,91.48,110.53,183,2026-08-02,278714757109
Product 0183,Diabetes,PentaHealth,BATCH-6603-B,429.16,638.08,403,2026-09-21,437745293659
Product 0184,Antacid,LifeMeds,BATCH-5234-C,88.02,111.52,226,2028-02-07,731466863830
Product 0185,Vitamin,WellLife,BATCH-9416-D,199.87,271.33,45,2026-10-08,648472436407
Product 0186,Diabetes,BioHeal,BATCH-5222-D,137.40,195.12,482,2027-06-24,878877454158
Product 0187,Diabetes,CureChem,BATCH-9572-C,469.56,603.94,246,2026-04-24,165722938937
Product 0188,Antacid,NovaPharma,BATCH-2066-B,100.14,136.21,477,2027-01-30,101042269676
Product 0189,Cardiac,MediPharm,BATCH-5267-E,170.76,240.37,89,2027-01-13,626009152453
Product 0190,Diabetes,PentaHealth,BATCH-7172-A,402.83,494.19,148,2027-06-19,843234055826
Product 0191,Diabetes,NovaPharma,BATCH-6157-D,351.19,424.03,374,2027-10-26,611150901257
Product 0192,Dermatology,CureChem,BATCH-4103-E,395.06,464.33,177,2027-05-09,451239834475
Product 0193,Antacid,CareGen,BATCH-5035-A,399.50,461.20,264,2027-11-03,542795911992
Product 0194,Antacid,BioHeal,BATCH-3145-A,255.26,346.41,450,2028-02-18,759966706986
Product 0195,Diabetes,MediPharm,BATCH-7160-B,392.03,472.93,426,2027-05-27,778272754001
Product 0196,Vitamin,PharmaPlus,BATCH-8877-A,164.27,228.39,73,2026-04-07,892075888529
Product 0197,Antibiotic,PentaHealth,BATCH-8308-D,411.79,575.17,294,2027-10-18,236264006401
Product 0198,Respiratory,WellLife,BATCH-9912-E,305.71,454.58,497,2026-08-31,785905999507
Product 0199,Antiseptic,PharmaPlus,BATCH-2426-E,40.31,54.29,246,2026-04-25,241462506443
Product 0200,Respiratory,BioHeal,BATCH-8490-A,197.51,294.62,407,2028-02-23,413323224889
Product 0201,Dermatology,CareGen,BATCH-4993-E,383.49,541.07,311,2026-08-01,708720901086
Product 0202,Cardiac,BioHeal,BATCH-8997-E,289.91,403.24,490,2026-04-07,578604652765
Product 0203,Analgesic,MediPharm,BATCH-9011-B,170.33,241.47,136,2026-06-03,815419031947
Product 0204,Respiratory,HealthCorp,BATCH-1226-A,38.84,50.79,369,2026-05-28,188397428853
Product 0205,Antacid,PharmaPlus,BATCH-4340-E,81.11,106.34,129,2027-12-11,516943386469
Product 0206,Respiratory,PentaHealth,BATCH-9765-A,464.13,577.75,282,2027-10-31,878409365568
Product 0207,Antiseptic,PharmaPlus,BATCH-2406-C,84.90,104.61,172,2027-01-22,425198234721
Product 0208,Cardiac,WellLife,BATCH-2680-C,125.70,176.30,344,2027-11-02,951775887873
Product 0209,Vitamin,CareGen,BATCH-7738-D,389.05,516.44,270,2028-06-19,890629357807
Product 0210,Dermatology,LifeMeds,BATCH-7781-E,197.37,253.82,456,2026-08-10,821010527239
Product 0211,Analgesic,NovaPharma,BATCH-5789-E,20.53,28.06,281,2028-06-04,852282320547
Product 0212,Respiratory,WellLife,BATCH-5877-A,134.84,173.08,347,2026-07-03,131542235812
Product 0213,Antihistamine,CureChem,BATCH-6692-D,291.54,350.73,76,2026-07-12,777926425412
Product 0214,Antibiotic,WellLife,BATCH-6219-C,51.18,70.53,139,2027-01-16,946875938917
Product 0215,Antiseptic,WellLife,BATCH-2095-B,38.25,54.11,18,2026-05-20,842564114546
Product 0216,Vitamin,CureChem,BATCH-1002-C,164.16,220.07,266,2027-02-12,738151354211
Product 0217,Dermatology,CureChem,BATCH-4483-D,98.98,134.49,79,2027-12-07,859319115755
Product 0218,Vitamin,WellLife,BATCH-3318-D,68.26,94.63,266,2026-04-27,409442427836
Product 0219,Antibiotic,HealthCorp,BATCH-6954-B,26.50,39.47,221,2027-09-16,264650685670
Product 0220,Antihistamine,PharmaPlus,BATCH-2321-B,63.70,82.39,414,2028-02-09,151469823283
Product 0221,Analgesic,LifeMeds,BATCH-7492-C,197.76,294.20,331,2027-10-23,355502741744
Product 0222,Antacid,CureChem,BATCH-5067-A,367.04,487.75,461,2026-05-11,617983291303
Product 0223,Respiratory,BioHeal,BATCH-7295-E,362.05,540.55,37,2026-12-04,527942614975
Product 0224,Analgesic,PentaHealth,BATCH-4559-C,27.19,33.10,399,2026-06-02,895292438379
Product 0225,Antiseptic,PentaHealth,BATCH-2557-A,38.81,54.45,252,2026-10-19,529020536866
Product 0226,Antihistamine,MediPharm,BATCH-7347-A,173.39,210.41,450,2027-01-01,779151653635
Product 0227,Vitamin,PharmaPlus,BATCH-5306-B,124.57,179.30,207,2026-12-11,742760118461
Product 0228,Antacid,PentaHealth,BATCH-9553-C,428.45,612.26,271,2026-11-16,383140686227
Product 0229,Antacid,HealthCorp,BATCH-6102-C,59.25,81.40,125,2026-06-24,422541660804
Product 0230,Respiratory,PharmaPlus,BATCH-3639-E,365.98,533.88,318,2027-11-13,139579280677
Product 0231,Antihistamine,MediPharm,BATCH-9461-C,103.25,134.56,169,2028-04-18,735831091220
Product 0232,Analgesic,PentaHealth,BATCH-8243-A,467.58,680.82,297,2027-02-18,381096319653
Product 0233,Diabetes,PentaHealth,BATCH-4959-A,119.54,151.74,486,2027-06-05,565883480631
Product 0234,Antihistamine,BioHeal,BATCH-7863-D,146.83,183.82,181,2027-03-12,824419802574
Product 0235,Diabetes,HealthCorp,BATCH-1676-A,132.44,168.13,72,2027-01-12,935965004354
Product 0236,Diabetes,BioHeal,BATCH-7113-A,353.33,466.33,227,2028-01-22,556817230251
Product 0237,Vitamin,LifeMeds,BATCH-2728-E,71.43,94.47,217,2027-12-16,579337718779
Product 0238,Analgesic,WellLife,BATCH-9947-B,252.64,368.96,203,2026-06-11,899160563922
Product 0239,Dermatology,CareGen,BATCH-4740-D,122.34,150.99,226,2026-10-19,567954905497
Product 0240,Diabetes,CureChem,BATCH-6627-A,432.46,595.33,122,2027-11-03,454278082864
Product 0241,Diabetes,MediPharm,BATCH-5723-C,20.93,30.95,275,2028-01-30,553611950351
Product 0242,Analgesic,BioHeal,BATCH-2963-A,305.99,402.09,178,2027-01-12,828022881949
Product 0243,Dermatology,CureChem,BATCH-2822-B,40.05,57.09,438,2027-02-11,224946674481
Product 0244,Antibiotic,WellLife,BATCH-1472-B,412.45,556.44,108,2026-09-20,431167047484
Product 0245,Antibiotic,BioHeal,BATCH-1147-E,324.74,436.57,340,2027-08-07,450594775374
Product 0246,Antibiotic,CureChem,BATCH-1760-B,173.04,238.07,342,2028-02-22,831388924686
Product 0247,Cardiac,PharmaPlus,BATCH-8300-E,288.21,348.28,288,2026-04-13,465534512050
Product 0248,Diabetes,PharmaPlus,BATCH-2069-E,245.91,366.37,492,2028-01-26,820298474322
Product 0249,Respiratory,PharmaPlus,BATCH-5898-C,77.94,95.61,155,2027-07-18,956884018205
Product 0250,Diabetes,CureChem,BATCH-1119-D,71.40,99.14,447,2027-04-13,399456066492
Product 0251,Dermatology,MediPharm,BATCH-4663-E,318.67,403.78,414,2027-01-27,952581009697
Product 0252,Antibiotic,LifeMeds,BATCH-5103-A,229.90,339.28,81,2026-04-10,757638592980
Product 0253,Antihistamine,HealthCorp,BATCH-2934-C,72.29,90.49,419,2027-11-14,921872173847
Product 0254,Antacid,CareGen,BATCH-6863-A,197.73,281.92,252,2028-02-19,660527927468
Product 0255,Antiseptic,WellLife,BATCH-6402-D,383.00,472.36,86,2026-08-02,646874520485
Product 0256,Antiseptic,WellLife,BATCH-2320-B,50.49,74.25,490,2026-11-07,207023196485
Product 0257,Antacid,LifeMeds,BATCH-3267-A,226.78,293.77,322,2026-10-13,955439246256
Product 0258,Cardiac,LifeMeds,BATCH-4921-B,61.44,81.88,226,2027-06-13,741708857003
Product 0259,Antihistamine,HealthCorp,BATCH-5305-B,206.27,245.18,335,2027-01-04,390878656302
Product 0260,Diabetes,LifeMeds,BATCH-4915-D,357.64,495.58,278,2027-04-23,227188283781
Product 0261,Diabetes,LifeMeds,BATCH-6472-B,41.17,53.14,77,2028-03-30,283758386921
Product 0262,Antihistamine,NovaPharma,BATCH-1798-E,301.50,358.94,450,2028-02-14,228383927824
Product 0263,Analgesic,NovaPharma,BATCH-9903-E,444.67,519.76,109,2026-12-20,314152820399
Product 0264,Antiseptic,CareGen,BATCH-2679-B,67.15,91.84,295,2026-07-27,746704199230
Product 0265,Diabetes,PharmaPlus,BATCH-5651-D,208.17,268.54,387,2027-09-18,579853103117
Product 0266,Analgesic,PentaHealth,BATCH-2537-E,425.83,575.14,499,2026-05-01,456523959440
Product 0267,Dermatology,CureChem,BATCH-7273-D,238.51,311.87,134,2027-10-25,108762797242
Product 0268,Vitamin,CureChem,BATCH-5150-B,476.83,606.79,231,2026-05-31,611976327066
Product 0269,Diabetes,NovaPharma,BATCH-2489-B,58.15,67.92,308,2028-04-30,139388057430
Product 0270,Cardiac,PharmaPlus,BATCH-8149-E,485.19,577.65,41,2027-05-09,755850808918
Product 0271,Vitamin,CareGen,BATCH-8131-B,473.29,681.47,308,2027-06-10,949959614774
Product 0272,Cardiac,MediPharm,BATCH-2516-D,124.76,148.89,60,2028-01-28,439394998825
Product 0273,Respiratory,LifeMeds,BATCH-6608-A,62.52,80.45,491,2026-09-06,763468972492
Product 0274,Respiratory,LifeMeds,BATCH-6201-D,36.08,52.31,334,2026-09-07,408260424184
Product 0275,Cardiac,MediPharm,BATCH-1493-D,371.03,464.72,371,2028-06-06,296816535661
Product 0276,Dermatology,BioHeal,BATCH-4994-C,137.17,166.60,98,2026-06-14,881595912851
Product 0277,Respiratory,HealthCorp,BATCH-6708-A,221.39,284.98,227,2027-10-25,888064984488
Product 0278,Antiseptic,PentaHealth,BATCH-7948-B,201.99,233.59,146,2027-11-28,629042521750
Product 0279,Respiratory,CureChem,BATCH-4103-A,445.76,532.30,342,2027-02-21,932999650856
Product 0280,Diabetes,PharmaPlus,BATCH-2165-C,389.77,523.17,342,2026-08-25,155226221183
Product 0281,Cardiac,MediPharm,BATCH-6452-B,342.43,477.80,47,2027-06-30,541024012934
Product 0282,Vitamin,HealthCorp,BATCH-9035-D,86.67,127.62,470,2028-04-21,731310687746
Product 0283,Vitamin,WellLife,BATCH-9702-C,261.13,386.92,189,2027-08-13,623847295456
Product 0284,Diabetes,PharmaPlus,BATCH-3465-D,219.39,317.87,308,2027-05-12,255025738358
Product 0285,Analgesic,NovaPharma,BATCH-4907-B,457.11,536.69,119,2026-05-26,982449338212
Product 0286,Diabetes,MediPharm,BATCH-5464-B,303.25,424.96,198,2026-09-07,503031601504
Product 0287,Antibiotic,BioHeal,BATCH-4097-A,473.67,675.30,369,2027-01-26,747134320055
Product 0288,Antibiotic,BioHeal,BATCH-8112-B,181.95,224.94,426,2026-06-02,484044414982
Product 0289,Vitamin,WellLife,BATCH-5060-B,470.07,687.47,489,2027-11-14,170463734343
Product 0290,Cardiac,LifeMeds,BATCH-5416-B,180.34,228.55,165,2027-08-15,326845630352
Product 0291,Analgesic,LifeMeds,BATCH-7153-E,127.17,177.62,183,2026-11-26,185024829249
Product 0292,Antacid,WellLife,BATCH-5154-B,131.23,171.72,335,2027-06-27,156344834740
Product 0293,Analgesic,MediPharm,BATCH-2722-E,119.42,159.17,144,2027-12-10,950237329299
Product 0294,Antiseptic,PharmaPlus,BATCH-7664-D,473.06,633.25,103,2027-09-09,792931463917
Product 0295,Cardiac,HealthCorp,BATCH-4484-E,156.15,203.41,129,2027-09-23,614321703588
Product 0296,Cardiac,HealthCorp,BATCH-9369-E,498.96,649.69,95,2026-04-07,564942758058
Product 0297,Antibiotic,LifeMeds,BATCH-8951-A,251.88,350.25,61,2028-03-02,145060585896
Product 0298,Dermatology,WellLife,BATCH-2736-E,312.29,447.05,64,2026-12-29,393145435465
Product 0299,Antibiotic,MediPharm,BATCH-2499-B,120.91,174.92,456,2027-11-07,782354618380
Product 0300,Antiseptic,WellLife,BATCH-1350-D,449.25,607.25,401,2027-09-29,923169480792
Product 0301,Analgesic,WellLife,BATCH-2457-B,74.29,111.17,20,2027-02-03,464818549574
Product 0302,Vitamin,MediPharm,BATCH-6488-A,159.24,231.70,251,2027-09-02,968688959670
Product 0303,Dermatology,NovaPharma,BATCH-1186-D,195.20,291.90,144,2026-06-06,214004740058
Product 0304,Analgesic,NovaPharma,BATCH-9364-B,429.34,593.04,309,2027-02-25,967270502554
Product 0305,Respiratory,NovaPharma,BATCH-9272-D,237.66,335.40,52,2027-03-21,257369213074
Product 0306,Antihistamine,CareGen,BATCH-2927-D,452.35,602.82,426,2027-04-03,611602133232
Product 0307,Vitamin,PharmaPlus,BATCH-1200-E,379.25,445.04,175,2026-10-30,990193553049
Product 0308,Analgesic,BioHeal,BATCH-4841-C,248.26,326.55,47,2026-04-28,619487965417
Product 0309,Diabetes,BioHeal,BATCH-1428-C,278.89,352.90,411,2027-12-31,708003585609
Product 0310,Antihistamine,BioHeal,BATCH-5642-D,146.86,210.15,110,2027-03-06,357079760409
Product 0311,Antiseptic,CureChem,BATCH-2976-B,486.27,710.45,67,2026-05-25,402161030491
Product 0312,Antibiotic,WellLife,BATCH-3070-A,120.38,146.11,224,2026-10-13,588773574599
Product 0313,Analgesic,HealthCorp,BATCH-8010-E,48.55,67.85,442,2026-09-05,289463375112
Product 0314,Respiratory,HealthCorp,BATCH-4800-B,470.40,609.69,254,2028-01-11,489065141131
Product 0315,Diabetes,NovaPharma,BATCH-3493-E,476.89,613.76,119,2026-12-05,683701713046
Product 0316,Antacid,PharmaPlus,BATCH-9354-A,236.81,283.99,416,2027-10-03,629008082371
Product 0317,Diabetes,NovaPharma,BATCH-8023-C,277.31,362.72,397,2028-05-07,957220237313
Product 0318,Antacid,CareGen,BATCH-8747-E,97.65,114.10,313,2027-03-10,814087671939
Product 0319,Antihistamine,LifeMeds,BATCH-6714-B,166.72,238.97,238,2027-07-01,295756291957
Product 0320,Vitamin,PentaHealth,BATCH-9454-B,469.77,702.23,84,2026-06-11,826793665188
Product 0321,Diabetes,PharmaPlus,BATCH-3504-A,83.07,107.56,224,2026-12-10,932379106833
Product 0322,Analgesic,CareGen,BATCH-9856-C,479.01,584.52,300,2026-10-31,621577709443
Product 0323,Antihistamine,PharmaPlus,BATCH-2730-D,367.44,539.55,79,2026-06-23,161543248391
Product 0324,Antiseptic,CureChem,BATCH-2627-D,55.41,79.35,290,2028-01-05,883746330847
Product 0325,Cardiac,MediPharm,BATCH-6590-C,296.68,415.30,354,2028-02-22,836197056268
Product 0326,Cardiac,LifeMeds,BATCH-4625-A,360.78,491.93,470,2026-11-13,176348931870
Product 0327,Antiseptic,MediPharm,BATCH-5605-D,409.24,581.94,307,2027-10-13,400078081679
Product 0328,Analgesic,MediPharm,BATCH-1717-A,476.81,623.44,211,2026-08-30,864930378583
Product 0329,Vitamin,HealthCorp,BATCH-1712-B,334.82,459.24,490,2026-04-09,809656778031
Product 0330,Antiseptic,NovaPharma,BATCH-9395-D,49.99,65.92,201,2027-12-20,571414171627
Product 0331,Dermatology,NovaPharma,BATCH-8102-A,476.96,661.27,211,2027-05-24,736885839260
Product 0332,Antiseptic,HealthCorp,BATCH-8559-E,239.79,294.95,473,2027-03-24,303304852556
Product 0333,Antiseptic,PentaHealth,BATCH-5106-D,191.26,261.87,244,2028-01-09,578456078301
Product 0334,Antiseptic,BioHeal,BATCH-5843-D,31.34,43.04,375,2028-02-12,512194953144
Product 0335,Dermatology,LifeMeds,BATCH-9942-C,105.19,130.08,22,2026-07-24,115897650582
Product 0336,Antibiotic,CareGen,BATCH-7081-C,136.85,192.69,194,2027-09-12,521123318860
Product 0337,Cardiac,PentaHealth,BATCH-9467-C,430.72,577.53,120,2028-06-08,342541902023
Product 0338,Antibiotic,MediPharm,BATCH-4898-E,27.75,33.82,490,2026-06-04,583911639136
Product 0339,Analgesic,NovaPharma,BATCH-2040-B,187.27,244.03,360,2027-12-07,739299213947
Product 0340,Analgesic,NovaPharma,BATCH-9809-E,183.94,248.95,435,2026-06-28,222199350782
Product 0341,Antibiotic,PharmaPlus,BATCH-3576-A,285.72,359.83,490,2028-06-08,855412930015
Product 0342,Vitamin,BioHeal,BATCH-3723-A,152.22,189.38,498,2027-01-23,275720162087
Product 0343,Antihistamine,MediPharm,BATCH-6359-C,161.00,207.60,279,2026-10-30,217151035045
Product 0344,Antiseptic,PharmaPlus,BATCH-4016-D,412.14,484.17,359,2027-03-24,480652359829
Product 0345,Antibiotic,BioHeal,BATCH-3247-A,38.14,53.79,121,2026-08-25,274281000442
Product 0346,Antacid,PharmaPlus,BATCH-6334-E,105.70,150.93,346,2026-06-25,964357901469
Product 0347,Antibiotic,NovaPharma,BATCH-7403-D,493.50,586.79,30,2026-10-16,564784808559
Product 0348,Dermatology,LifeMeds,BATCH-3558-B,311.72,424.86,49,2028-04-23,873199494466
Product 0349,Vitamin,MediPharm,BATCH-6013-A,56.53,76.26,130,2027-09-15,164158245554
Product 0350,Antihistamine,PharmaPlus,BATCH-5435-A,411.26,481.25,349,2026-04-27,573024963588
Product 0351,Dermatology,BioHeal,BATCH-7383-C,440.41,601.38,223,2027-07-27,390365879260
Product 0352,Antiseptic,CareGen,BATCH-6563-A,372.13,554.52,413,2026-10-29,927697597862
Product 0353,Diabetes,CureChem,BATCH-2527-B,109.61,146.58,75,2026-06-25,480824309766
Product 0354,Analgesic,PharmaPlus,BATCH-7058-E,245.32,286.12,425,2027-09-28,876283932538
Product 0355,Respiratory,NovaPharma,BATCH-7630-B,132.62,184.70,93,2027-01-31,652578869422
Product 0356,Antacid,CureChem,BATCH-8608-E,214.80,306.48,229,2026-09-08,239626042694
Product 0357,Vitamin,PharmaPlus,BATCH-8381-E,124.85,157.39,127,2028-04-04,277007535813
Product 0358,Vitamin,NovaPharma,BATCH-6984-A,410.95,488.18,474,2027-11-27,264864169768
Product 0359,Antacid,PharmaPlus,BATCH-6408-C,394.35,533.36,76,2026-04-13,286589041555
Product 0360,Antihistamine,PentaHealth,BATCH-1600-E,192.85,262.57,415,2027-03-08,703549901436
Product 0361,Respiratory,PharmaPlus,BATCH-3962-A,437.59,544.31,457,2026-07-22,540876728516
Product 0362,Analgesic,LifeMeds,BATCH-3616-C,204.75,305.57,485,2028-02-26,439964322168
Product 0363,Dermatology,CureChem,BATCH-4033-E,416.46,483.51,57,2028-03-14,226285101355
Product 0364,Antibiotic,NovaPharma,BATCH-7320-E,54.91,71.12,390,2028-03-23,680416001957
Product 0365,Dermatology,PentaHealth,BATCH-3189-D,79.48,110.39,124,2027-01-13,954428495305
Product 0366,Antihistamine,PharmaPlus,BATCH-6764-D,232.42,292.86,317,2028-01-07,315993673716
Product 0367,Vitamin,CareGen,BATCH-9510-A,32.13,46.18,41,2027-04-04,234345562715
Product 0368,Antibiotic,CareGen,BATCH-7963-C,312.02,424.01,201,2028-02-03,337222992164
Product 0369,Diabetes,BioHeal,BATCH-9950-C,62.22,77.59,162,2027-02-28,465230400603
Product 0370,Vitamin,CureChem,BATCH-4287-E,322.65,454.18,463,2026-07-21,560331370284
Product 0371,Analgesic,WellLife,BATCH-8058-E,442.46,640.60,467,2027-01-23,877020369349
Product 0372,Antibiotic,PentaHealth,BATCH-4680-C,163.83,207.24,299,2026-10-22,351262855615
Product 0373,Respiratory,LifeMeds,BATCH-6420-B,237.77,355.99,280,2027-10-16,967090774890
Product 0374,Analgesic,MediPharm,BATCH-4682-D,487.65,655.78,224,2027-04-03,754152597662
Product 0375,Vitamin,WellLife,BATCH-2368-E,170.43,219.88,256,2026-10-01,947819211054
Product 0376,Dermatology,BioHeal,BATCH-4790-A,43.63,57.57,132,2026-08-03,951195159638
Product 0377,Antacid,PentaHealth,BATCH-4394-A,197.72,238.35,488,2027-04-05,691160575713
Product 0378,Vitamin,PharmaPlus,BATCH-1078-E,302.84,377.13,447,2027-03-16,215213629574
Product 0379,Antiseptic,PharmaPlus,BATCH-8241-D,151.60,196.26,154,2026-07-16,359738648432
Product 0380,Antiseptic,NovaPharma,BATCH-4423-B,147.51,177.47,113,2026-09-02,820445951551
Product 0381,Vitamin,CureChem,BATCH-6976-B,257.52,312.02,278,2026-09-08,816072261716
Product 0382,Vitamin,WellLife,BATCH-1621-A,452.81,536.73,407,2028-06-15,442280565517
Product 0383,Antacid,PharmaPlus,BATCH-5573-D,332.91,467.95,360,2028-05-05,269288054322
Product 0384,Antibiotic,CureChem,BATCH-7005-B,410.90,534.59,309,2026-12-09,344414041815
Product 0385,Vitamin,BioHeal,BATCH-1628-B,494.95,598.18,69,2027-12-15,829875356816
Product 0386,Antacid,PharmaPlus,BATCH-7308-D,462.07,560.22,354,2026-06-21,342564845180
Product 0387,Cardiac,WellLife,BATCH-3463-A,453.40,658.50,430,2026-07-30,457085942427
Product 0388,Antibiotic,NovaPharma,BATCH-2087-E,301.57,382.54,369,2027-07-23,633256472209
Product 0389,Antihistamine,BioHeal,BATCH-3601-D,498.22,654.97,440,2027-03-12,990856529048
Product 0390,Respiratory,CareGen,BATCH-3580-C,159.07,201.20,163,2028-01-24,256502668619
Product 0391,Dermatology,PentaHealth,BATCH-9582-B,95.90,112.21,294,2026-06-20,116108381613
Product 0392,Antibiotic,LifeMeds,BATCH-9434-A,204.22,246.51,236,2028-02-27,179738392194
Product 0393,Cardiac,PentaHealth,BATCH-2993-E,489.55,581.79,182,2026-12-01,955242859919
Product 0394,Antacid,CureChem,BATCH-8081-B,357.42,530.26,14,2028-01-25,952390092930
Product 0395,Antacid,LifeMeds,BATCH-9483-C,315.72,382.05,217,2026-10-07,214275703333
Product 0396,Diabetes,HealthCorp,BATCH-6623-E,312.62,360.89,299,2027-04-24,676681777123
Product 0397,Analgesic,CureChem,BATCH-4084-A,368.17,540.82,214,2028-02-22,926549164355
Product 0398,Antihistamine,WellLife,BATCH-5769-A,145.97,186.42,439,2027-03-16,435845120700
Product 0399,Antiseptic,CureChem,BATCH-7949-B,128.12,151.74,98,2027-07-14,272269078178
Product 0400,Analgesic,PharmaPlus,BATCH-3651-E,157.30,215.62,131,2027-11-05,443464279076
Product 0401,Dermatology,CareGen,BATCH-5672-D,376.19,511.94,18,2026-04-04,871076700372
Product 0402,Diabetes,PentaHealth,BATCH-2863-B,221.70,284.63,482,2026-11-10,470331269215
Product 0403,Vitamin,MediPharm,BATCH-1579-D,112.13,151.58,67,2026-04-23,199646088835
Product 0404,Analgesic,PentaHealth,BATCH-9938-D,73.83,108.28,133,2028-01-17,865078397408
Product 0405,Antiseptic,CureChem,BATCH-8490-B,498.08,591.32,275,2027-01-16,158724006821
Product 0406,Cardiac,CureChem,BATCH-8477-A,292.86,377.84,87,2027-07-21,325346576382
Product 0407,Cardiac,PharmaPlus,BATCH-1134-E,232.98,317.48,352,2027-05-23,415237313364
Product 0408,Dermatology,LifeMeds,BATCH-6605-E,357.81,430.72,317,2027-01-19,746827697756
Product 0409,Diabetes,BioHeal,BATCH-9427-E,431.25,590.47,237,2028-01-16,894583753372
Product 0410,Antibiotic,LifeMeds,BATCH-6017-D,71.96,88.58,79,2027-05-09,676017193867
Product 0411,Antacid,HealthCorp,BATCH-8794-B,339.61,452.78,436,2028-03-17,929386266233
Product 0412,Respiratory,LifeMeds,BATCH-1305-D,84.62,119.72,90,2026-09-05,146205944140
Product 0413,Vitamin,NovaPharma,BATCH-7078-B,381.43,514.82,50,2026-12-03,538719298065
Product 0414,Antiseptic,BioHeal,BATCH-9931-D,44.59,57.53,419,2028-06-13,389233504802
Product 0415,Analgesic,CareGen,BATCH-3612-E,365.17,509.90,261,2027-02-05,805306189737
Product 0416,Antacid,WellLife,BATCH-7223-A,186.18,220.46,64,2028-02-24,416961368094
Product 0417,Diabetes,WellLife,BATCH-7165-C,305.72,391.26,367,2026-12-15,368735221071
Product 0418,Analgesic,MediPharm,BATCH-8018-B,256.13,310.48,432,2027-03-04,907600647699
Product 0419,Antibiotic,MediPharm,BATCH-2700-D,257.30,324.95,163,2028-05-18,691879905697
Product 0420,Antibiotic,PharmaPlus,BATCH-1551-B,483.12,699.20,56,2027-06-18,110394906768
Product 0421,Cardiac,CureChem,BATCH-3260-A,47.71,57.37,137,2026-05-20,793853480821
Product 0422,Antibiotic,MediPharm,BATCH-9125-C,474.32,610.32,79,2027-02-07,759483611286
Product 0423,Diabetes,PharmaPlus,BATCH-8443-A,284.44,381.02,75,2027-06-11,356159979173
Product 0424,Dermatology,WellLife,BATCH-9265-A,158.42,230.67,439,2027-06-29,563747597335
Product 0425,Respiratory,CureChem,BATCH-6159-B,424.70,585.94,31,2027-10-02,235717190215
Product 0426,Analgesic,WellLife,BATCH-8771-A,157.48,186.46,66,2026-05-22,299222049734
Product 0427,Respiratory,BioHeal,BATCH-1925-A,43.19,56.63,31,2026-11-12,294948266093
Product 0428,Antiseptic,MediPharm,BATCH-4947-E,173.72,242.37,66,2026-07-10,749918552653
Product 0429,Vitamin,CureChem,BATCH-7008-C,436.14,653.67,15,2027-01-25,918694945880
Product 0430,Antibiotic,PharmaPlus,BATCH-8706-D,189.20,243.44,282,2028-06-05,990446826399
Product 0431,Antacid,PharmaPlus,BATCH-4176-C,261.54,354.25,218,2026-12-23,104941959891
Product 0432,Antiseptic,MediPharm,BATCH-8038-C,144.09,189.50,212,2028-05-11,977002424429
Product 0433,Analgesic,BioHeal,BATCH-1653-A,307.06,453.45,421,2027-12-15,376630688528
Product 0434,Vitamin,NovaPharma,BATCH-7898-A,295.15,357.06,167,2028-05-02,942942464973
Product 0435,Dermatology,BioHeal,BATCH-8965-A,134.48,165.04,354,2026-05-20,479705777814
Product 0436,Antibiotic,HealthCorp,BATCH-7300-B,415.00,554.44,80,2026-05-04,832865001190
Product 0437,Diabetes,NovaPharma,BATCH-8034-C,152.47,186.75,458,2028-01-13,144623687421
Product 0438,Cardiac,HealthCorp,BATCH-3055-B,493.36,711.42,209,2027-10-25,282307017998
Product 0439,Antibiotic,PentaHealth,BATCH-4142-A,181.91,251.18,18,2027-01-03,865072996524
Product 0440,Analgesic,NovaPharma,BATCH-7362-E,270.17,347.77,298,2026-05-23,958862856134
Product 0441,Cardiac,CareGen,BATCH-5871-B,488.56,672.30,137,2027-03-20,118345373340
Product 0442,Cardiac,CureChem,BATCH-3633-D,390.74,500.34,369,2028-06-17,297038829424
Product 0443,Vitamin,NovaPharma,BATCH-1750-A,419.85,558.89,239,2027-03-04,817895186233
Product 0444,Antiseptic,CareGen,BATCH-3117-A,198.15,241.14,58,2027-09-10,112419612129
Product 0445,Dermatology,PharmaPlus,BATCH-4043-D,352.91,487.99,222,2026-06-13,723717707781
Product 0446,Vitamin,WellLife,BATCH-3049-D,469.99,608.73,136,2028-03-18,854490829624
Product 0447,Antibiotic,BioHeal,BATCH-2123-B,112.13,164.48,296,2028-06-05,520643624386
Product 0448,Antihistamine,CareGen,BATCH-2366-A,426.49,543.93,259,2027-06-16,284206692349
Product 0449,Antibiotic,NovaPharma,BATCH-7298-E,318.50,437.98,34,2028-05-11,970705571158
Product 0450,Analgesic,WellLife,BATCH-7399-A,434.72,519.41,69,2026-10-14,507211885570
Product 0451,Antacid,LifeMeds,BATCH-8989-A,265.98,328.03,306,2027-06-07,986751035737
Product 0452,Respiratory,WellLife,BATCH-6463-C,119.65,177.17,153,2027-02-02,520396801360
Product 0453,Dermatology,CareGen,BATCH-8199-C,56.57,84.51,111,2026-04-17,732275588145
Product 0454,Antacid,LifeMeds,BATCH-3712-A,337.23,456.61,31,2027-10-04,428696114348
Product 0455,Cardiac,PharmaPlus,BATCH-1784-E,218.26,293.73,239,2027-03-16,233174424202
Product 0456,Dermatology,BioHeal,BATCH-3597-C,231.37,295.21,417,2027-08-04,680382045725
Product 0457,Respiratory,NovaPharma,BATCH-7047-B,402.15,556.30,74,2027-02-27,523571175722
Product 0458,Antacid,PentaHealth,BATCH-7227-A,78.79,106.26,424,2027-09-22,883421319631
Product 0459,Respiratory,WellLife,BATCH-9373-E,297.99,407.86,15,2026-12-04,777572263251
Product 0460,Antacid,HealthCorp,BATCH-6260-C,443.60,605.88,116,2028-02-01,551736282143
Product 0461,Antacid,CureChem,BATCH-6043-C,400.35,487.51,76,2028-03-04,316660416652
Product 0462,Respiratory,MediPharm,BATCH-1498-A,297.31,353.22,402,2027-03-03,625105470120
Product 0463,Dermatology,LifeMeds,BATCH-2948-E,450.51,608.23,334,2028-01-20,691250097590
Product 0464,Cardiac,HealthCorp,BATCH-7779-A,366.31,465.53,368,2027-12-24,264645996210
Product 0465,Vitamin,BioHeal,BATCH-7277-E,203.49,285.14,460,2028-06-03,675454643473
Product 0466,Dermatology,LifeMeds,BATCH-6557-A,237.95,347.15,191,2028-04-16,228042178866
Product 0467,Analgesic,PharmaPlus,BATCH-6969-A,169.89,231.81,154,2028-06-04,379327978115
Product 0468,Antacid,CureChem,BATCH-7860-C,277.28,322.59,193,2026-10-09,111435683266
Product 0469,Antihistamine,HealthCorp,BATCH-1935-D,353.75,433.89,324,2026-07-21,754779724809
Product 0470,Dermatology,PentaHealth,BATCH-9478-E,201.22,250.26,335,2027-02-17,352316731884
Product 0471,Cardiac,HealthCorp,BATCH-5644-E,181.73,260.39,211,2027-02-11,233292723483
Product 0472,Antihistamine,LifeMeds,BATCH-2623-B,176.24,261.97,379,2027-11-23,853996767381
Product 0473,Vitamin,CureChem,BATCH-4735-D,340.18,480.44,354,2026-07-30,504185893656
Product 0474,Dermatology,CareGen,BATCH-1528-E,261.13,348.18,448,2026-04-13,331862521433
Product 0475,Vitamin,WellLife,BATCH-9320-C,430.92,508.33,146,2027-01-27,430587598707
Product 0476,Vitamin,NovaPharma,BATCH-1946-D,274.43,368.55,100,2026-11-28,526542492116
Product 0477,Dermatology,BioHeal,BATCH-8668-A,347.30,467.60,206,2026-07-30,163464744397
Product 0478,Antacid,NovaPharma,BATCH-1761-D,366.98,509.24,88,2026-08-28,261288763455
Product 0479,Respiratory,CareGen,BATCH-3542-E,189.73,246.62,427,2027-09-01,482267736005
Product 0480,Vitamin,NovaPharma,BATCH-9638-D,231.43,286.24,68,2026-09-23,818487335960
Product 0481,Diabetes,CureChem,BATCH-5041-C,40.13,47.36,459,2027-08-22,713658815176
Product 0482,Antibiotic,BioHeal,BATCH-5214-C,273.32,382.51,68,2027-08-26,869549003206
Product 0483,Antihistamine,HealthCorp,BATCH-3428-C,106.60,158.69,374,2027-03-31,882853233570
Product 0484,Diabetes,CureChem,BATCH-6825-D,472.87,632.98,190,2026-11-28,893199961982
Product 0485,Diabetes,PentaHealth,BATCH-8717-A,278.34,389.66,365,2026-05-19,680108414774
Product 0486,Antihistamine,CareGen,BATCH-3748-B,189.07,231.32,239,2028-04-22,998790546910
Product 0487,Vitamin,NovaPharma,BATCH-5095-A,477.47,580.41,78,2028-06-05,389688037392
Product 0488,Vitamin,CureChem,BATCH-5268-D,349.06,507.01,389,2027-04-23,634536137333
Product 0489,Vitamin,PentaHealth,BATCH-2818-D,62.42,83.91,13,2026-06-25,561181263888
Product 0490,Cardiac,BioHeal,BATCH-3899-A,185.39,235.00,302,2028-05-19,321237247810
Product 0491,Cardiac,NovaPharma,BATCH-9278-C,391.17,569.74,363,2027-09-07,330990479569
Product 0492,Dermatology,BioHeal,BATCH-7373-E,381.65,516.55,328,2026-11-18,362577726533
Product 0493,Diabetes,HealthCorp,BATCH-7463-C,303.91,366.06,338,2026-10-02,472390597905
Product 0494,Analgesic,HealthCorp,BATCH-9533-C,381.96,558.36,266,2027-08-16,823926067098
Product 0495,Analgesic,LifeMeds,BATCH-8897-D,446.22,532.62,57,2028-01-05,714792516938
Product 0496,Vitamin,BioHeal,BATCH-6504-B,381.81,541.62,58,2027-08-21,931293064320
Product 0497,Diabetes,LifeMeds,BATCH-4839-B,155.10,224.32,77,2026-05-12,778330842505
Product 0498,Diabetes,PentaHealth,BATCH-2926-B,317.09,466.42,157,2027-03-18,651226532867
Product 0499,Analgesic,PharmaPlus,BATCH-2080-A,307.84,434.90,215,2028-03-13,702002479229
Product 0500,Dermatology,PentaHealth,BATCH-9368-C,425.01,618.45,377,2027-10-07,620847748892
Product 0501,Diabetes,LifeMeds,BATCH-2812-A,120.02,139.90,436,2026-06-02,484590298978
Product 0502,Diabetes,PharmaPlus,BATCH-3626-D,180.00,242.13,124,2028-02-24,839883881313
Product 0503,Diabetes,PentaHealth,BATCH-1271-A,448.86,638.32,173,2027-12-19,456476806357
Product 0504,Diabetes,PharmaPlus,BATCH-9194-E,478.40,625.78,262,2026-04-30,435728692489
Product 0505,Antacid,MediPharm,BATCH-3638-D,322.05,479.84,282,2028-01-17,877662080661
Product 0506,Analgesic,CareGen,BATCH-5358-D,92.40,117.51,168,2026-12-17,448457744162
Product 0507,Dermatology,CareGen,BATCH-7189-A,463.91,641.44,115,2027-03-10,768286257987
Product 0508,Vitamin,BioHeal,BATCH-9657-E,457.06,567.67,265,2027-01-14,558910418910
Product 0509,Analgesic,PentaHealth,BATCH-4767-D,62.71,87.47,428,2026-07-27,630747369582
Product 0510,Antacid,MediPharm,BATCH-1424-D,439.11,573.15,343,2028-02-05,151897965132
Product 0511,Vitamin,BioHeal,BATCH-3485-C,136.82,188.77,357,2027-03-19,330340902774
Product 0512,Vitamin,MediPharm,BATCH-8942-B,455.63,614.70,356,2026-12-27,524964903564
Product 0513,Antiseptic,PharmaPlus,BATCH-2505-D,388.47,531.46,156,2026-08-24,111895111650
Product 0514,Dermatology,PharmaPlus,BATCH-7549-E,258.39,371.38,242,2027-02-01,616402115095
Product 0515,Analgesic,CareGen,BATCH-3312-C,374.31,461.43,120,2027-04-29,438069136363
Product 0516,Antihistamine,NovaPharma,BATCH-4683-B,205.93,303.59,38,2026-05-24,734190781404
Product 0517,Antiseptic,BioHeal,BATCH-3218-D,496.50,620.63,365,2027-09-01,115663179258
Product 0518,Analgesic,LifeMeds,BATCH-1179-E,255.96,324.40,14,2026-08-09,143767360690
Product 0519,Respiratory,CureChem,BATCH-4169-B,208.62,264.08,117,2026-09-07,963370879937
Product 0520,Antihistamine,LifeMeds,BATCH-5801-C,465.43,556.09,65,2027-02-06,186665162881
Product 0521,Respiratory,WellLife,BATCH-9898-A,95.56,138.81,496,2027-04-27,716721763722
Product 0522,Antacid,BioHeal,BATCH-2106-C,433.96,586.10,335,2026-10-27,575041658534
Product 0523,Antibiotic,PharmaPlus,BATCH-2698-D,232.10,269.43,151,2028-03-23,277606810783
Product 0524,Cardiac,PharmaPlus,BATCH-2206-B,318.92,367.21,377,2026-07-05,575298390019
Product 0525,Analgesic,CareGen,BATCH-6192-A,275.06,385.82,376,2027-10-19,705215936006
Product 0526,Diabetes,BioHeal,BATCH-1390-C,105.71,147.60,171,2026-10-08,327874794805
Product 0527,Dermatology,CureChem,BATCH-5322-B,74.38,108.40,98,2027-05-30,331357442930
Product 0528,Antiseptic,LifeMeds,BATCH-3137-E,357.37,467.45,53,2027-02-27,890374250761
Product 0529,Analgesic,BioHeal,BATCH-5823-B,54.03,80.28,113,2026-07-01,508328264043
Product 0530,Vitamin,WellLife,BATCH-4068-B,146.46,182.09,369,2027-12-23,487531881449
Product 0531,Dermatology,HealthCorp,BATCH-9198-E,378.79,436.22,400,2027-11-18,468724616341
Product 0532,Antacid,WellLife,BATCH-5965-A,290.95,362.77,133,2027-08-12,989656215483
Product 0533,Antihistamine,BioHeal,BATCH-5824-A,350.88,501.60,483,2026-11-12,701864277689
Product 0534,Antacid,CareGen,BATCH-3211-B,381.67,569.17,104,2027-11-04,472469308796
Product 0535,Analgesic,WellLife,BATCH-2592-A,483.81,683.31,436,2026-08-15,892134917766
Product 0536,Diabetes,WellLife,BATCH-1151-A,487.78,619.03,115,2027-01-24,905738555153
Product 0537,Analgesic,NovaPharma,BATCH-9085-C,128.88,148.32,396,2026-05-27,634672151605
Product 0538,Vitamin,CareGen,BATCH-3414-E,217.97,281.57,434,2028-06-08,965939816962
Product 0539,Respiratory,CureChem,BATCH-8791-A,226.07,277.75,249,2026-09-22,340258867564
Product 0540,Respiratory,CareGen,BATCH-7274-D,50.80,73.38,392,2026-12-04,570613747482
Product 0541,Antihistamine,CareGen,BATCH-5923-A,251.56,321.94,192,2028-02-02,579141229140
Product 0542,Respiratory,NovaPharma,BATCH-4932-A,103.08,140.34,442,2027-02-21,645516361276
Product 0543,Dermatology,NovaPharma,BATCH-6279-E,311.80,443.64,100,2027-02-19,823826170311
Product 0544,Analgesic,PentaHealth,BATCH-4341-C,309.44,380.47,436,2027-08-21,660377882985
Product 0545,Antacid,BioHeal,BATCH-5433-B,387.53,486.85,278,2027-05-11,445251710982
Product 0546,Antihistamine,HealthCorp,BATCH-5215-D,270.16,395.23,439,2026-04-14,805915070350
Product 0547,Vitamin,CareGen,BATCH-7622-B,251.46,377.16,443,2027-09-21,480720147700
Product 0548,Antihistamine,MediPharm,BATCH-3329-E,171.73,248.34,144,2026-07-21,441376482046
Product 0549,Diabetes,PentaHealth,BATCH-1010-C,367.48,489.98,385,2027-10-21,963013822242
Product 0550,Antibiotic,PentaHealth,BATCH-8385-D,316.79,443.60,374,2027-05-22,487436667268
Product 0551,Cardiac,PharmaPlus,BATCH-7829-B,80.87,111.96,312,2028-04-09,589966364119
Product 0552,Dermatology,WellLife,BATCH-1328-B,170.80,249.29,232,2026-06-20,938422159666
Product 0553,Dermatology,BioHeal,BATCH-2718-D,368.03,488.64,221,2028-03-26,321636033170
Product 0554,Antiseptic,PentaHealth,BATCH-3155-C,344.00,415.95,325,2026-06-08,942744765284
Product 0555,Diabetes,LifeMeds,BATCH-1194-C,417.44,514.09,126,2027-05-08,995711952634
Product 0556,Antibiotic,PentaHealth,BATCH-4941-B,159.08,190.06,478,2026-10-18,169821834700
Product 0557,Dermatology,WellLife,BATCH-3312-E,41.48,55.78,90,2027-06-06,614738631186
Product 0558,Antacid,WellLife,BATCH-2792-C,126.23,147.46,191,2026-11-21,467074020622
Product 0559,Vitamin,PentaHealth,BATCH-4927-E,135.03,171.23,156,2026-09-30,176048098311
Product 0560,Diabetes,BioHeal,BATCH-2628-A,252.44,338.64,105,2026-09-19,114650384215
Product 0561,Dermatology,PharmaPlus,BATCH-1066-E,440.49,634.09,416,2028-03-25,377351436247
Product 0562,Diabetes,LifeMeds,BATCH-8113-D,277.17,364.48,375,2028-04-04,281524991040
Product 0563,Antibiotic,CureChem,BATCH-4752-C,315.85,370.48,221,2026-05-29,147589338118
Product 0564,Analgesic,PentaHealth,BATCH-2226-E,237.68,317.58,115,2028-03-01,208492785865
Product 0565,Respiratory,HealthCorp,BATCH-3728-B,402.73,505.71,408,2028-04-15,112667354572
Product 0566,Analgesic,PharmaPlus,BATCH-4540-E,175.86,258.45,310,2026-11-06,856110534142
Product 0567,Antihistamine,MediPharm,BATCH-6043-E,214.77,290.53,208,2027-12-10,629817856729
Product 0568,Diabetes,BioHeal,BATCH-5761-A,390.86,549.24,185,2027-09-23,940346763221
Product 0569,Antacid,PentaHealth,BATCH-9078-D,195.96,273.45,112,2027-02-05,969869021174
Product 0570,Antibiotic,CureChem,BATCH-6334-C,147.34,196.25,322,2027-02-05,675814143718
Product 0571,Antibiotic,BioHeal,BATCH-4775-D,21.09,30.75,41,2026-06-08,532626773173
Product 0572,Vitamin,HealthCorp,BATCH-5301-E,141.01,194.07,469,2028-04-25,529075925670
Product 0573,Antacid,BioHeal,BATCH-8569-B,271.77,318.61,459,2027-04-16,840631851846
Product 0574,Antihistamine,WellLife,BATCH-2790-A,197.35,235.98,162,2026-07-02,865909707795
Product 0575,Respiratory,PharmaPlus,BATCH-5341-B,238.82,323.83,493,2027-09-03,539607982387
Product 0576,Antiseptic,WellLife,BATCH-2965-D,123.01,144.40,208,2027-06-03,561579454690
Product 0577,Antibiotic,WellLife,BATCH-6380-E,63.68,92.44,167,2026-08-04,853400695266
Product 0578,Antiseptic,CureChem,BATCH-8597-E,186.26,261.80,237,2026-07-22,111667070156
Product 0579,Dermatology,PentaHealth,BATCH-3219-E,32.85,40.96,116,2027-08-20,461123907260
Product 0580,Dermatology,CureChem,BATCH-7721-B,153.56,209.77,32,2028-05-14,275655872639
Product 0581,Respiratory,LifeMeds,BATCH-7788-C,357.50,493.44,286,2028-03-11,302530570364
Product 0582,Antacid,MediPharm,BATCH-6196-C,498.12,699.69,228,2026-05-17,444690576125
Product 0583,Cardiac,BioHeal,BATCH-1101-C,489.28,650.45,394,2027-07-02,771807263815
Product 0584,Cardiac,MediPharm,BATCH-6307-D,472.69,598.73,357,2026-09-08,239018667962
Product 0585,Antiseptic,BioHeal,BATCH-4387-C,225.51,270.93,212,2026-10-14,397114438677
Product 0586,Cardiac,PentaHealth,BATCH-7896-C,318.67,459.26,377,2026-09-04,538501146613
Product 0587,Dermatology,LifeMeds,BATCH-3664-C,477.51,711.29,315,2026-06-20,430676209390
Product 0588,Analgesic,CureChem,BATCH-5215-D,425.80,615.72,94,2028-06-10,449106121520
Product 0589,Antiseptic,CareGen,BATCH-4427-C,37.63,46.82,433,2027-03-08,667173543337
Product 0590,Antacid,CareGen,BATCH-3458-D,86.89,108.23,328,2028-06-11,208683356070
Product 0591,Diabetes,CareGen,BATCH-5126-B,103.98,141.56,100,2026-07-08,153059890843
Product 0592,Antacid,LifeMeds,BATCH-7877-D,78.89,96.83,205,2027-09-12,127632598490
Product 0593,Diabetes,HealthCorp,BATCH-4143-E,180.67,219.76,249,2027-12-12,195130964109
Product 0594,Antiseptic,CareGen,BATCH-9392-A,284.41,415.46,68,2027-06-12,923975608685
Product 0595,Respiratory,PharmaPlus,BATCH-9451-D,479.16,589.66,177,2027-03-09,698313949952
Product 0596,Respiratory,NovaPharma,BATCH-6620-D,492.78,577.08,408,2027-11-12,233470310829
Product 0597,Antihistamine,CureChem,BATCH-4190-E,437.07,583.94,117,2026-05-05,538966323357
Product 0598,Antibiotic,WellLife,BATCH-8946-D,420.66,594.50,308,2027-06-25,485314973738
Product 0599,Vitamin,CareGen,BATCH-4775-A,107.19,137.25,333,2028-04-29,181955768027
Product 0600,Diabetes,WellLife,BATCH-6368-B,192.30,260.32,331,2026-11-17,333810020382
Product 0601,Vitamin,CureChem,BATCH-3379-B,383.56,458.81,492,2028-05-13,122415127350
Product 0602,Antihistamine,LifeMeds,BATCH-3864-E,381.10,454.29,166,2026-11-20,400648128802
Product 0603,Respiratory,MediPharm,BATCH-6492-D,89.11,106.72,109,2028-02-06,666598530802
Product 0604,Antibiotic,LifeMeds,BATCH-4579-A,276.15,377.01,284,2026-07-11,984711407162
Product 0605,Cardiac,NovaPharma,BATCH-8249-C,429.24,618.95,326,2028-05-18,598433493344
Product 0606,Antiseptic,NovaPharma,BATCH-5168-E,333.14,492.18,251,2026-10-10,336283787150
Product 0607,Antihistamine,BioHeal,BATCH-5730-D,297.47,421.16,259,2027-09-15,416074717386
Product 0608,Antibiotic,PentaHealth,BATCH-5826-D,415.11,579.69,150,2028-03-22,178684430116
Product 0609,Dermatology,MediPharm,BATCH-2720-E,310.34,424.38,41,2027-03-31,488439720904
Product 0610,Cardiac,BioHeal,BATCH-4627-C,77.63,103.39,169,2027-02-21,743700995486
Product 0611,Antacid,HealthCorp,BATCH-2201-D,266.48,354.13,355,2027-12-02,966137547269
Product 0612,Antiseptic,PentaHealth,BATCH-8370-A,406.57,514.26,127,2028-01-04,616624133577
Product 0613,Diabetes,NovaPharma,BATCH-6746-E,142.77,195.62,285,2028-06-04,636486290903
Product 0614,Analgesic,LifeMeds,BATCH-7051-D,96.98,120.97,234,2026-12-26,659621716724
Product 0615,Cardiac,CureChem,BATCH-7586-A,65.36,95.00,306,2026-06-28,677752352094
Product 0616,Dermatology,PentaHealth,BATCH-7322-E,32.10,40.55,314,2026-10-30,878310861462
Product 0617,Antiseptic,CareGen,BATCH-2964-A,181.52,227.56,379,2027-11-25,223450285098
Product 0618,Analgesic,PharmaPlus,BATCH-1040-E,350.77,422.92,365,2026-08-07,358264693850
Product 0619,Antiseptic,MediPharm,BATCH-6892-C,135.17,193.36,173,2026-04-18,914284097642
Product 0620,Diabetes,CureChem,BATCH-4957-A,433.08,639.37,164,2026-09-28,667273153975
Product 0621,Diabetes,WellLife,BATCH-9755-E,25.64,33.32,181,2027-06-23,675528744231
Product 0622,Antihistamine,PentaHealth,BATCH-7382-B,58.35,76.91,394,2027-02-16,910946970892
Product 0623,Antiseptic,MediPharm,BATCH-1558-E,98.16,132.78,289,2027-08-21,400083572780
Product 0624,Diabetes,CareGen,BATCH-7142-C,59.70,77.64,360,2027-05-07,657930683908
Product 0625,Antiseptic,BioHeal,BATCH-5538-D,49.53,63.85,407,2026-07-14,151713726215
Product 0626,Antibiotic,PharmaPlus,BATCH-5235-D,310.86,457.49,257,2027-05-27,233287320753
Product 0627,Vitamin,PentaHealth,BATCH-4678-A,153.85,182.86,131,2027-11-01,309598359524
Product 0628,Dermatology,WellLife,BATCH-7699-C,139.07,188.70,146,2028-06-08,285360969648
Product 0629,Cardiac,PharmaPlus,BATCH-7837-E,334.88,429.06,255,2028-04-10,574811202930
Product 0630,Antihistamine,CareGen,BATCH-3609-A,338.99,456.88,191,2026-06-08,352815335644
Product 0631,Antacid,MediPharm,BATCH-6881-B,438.99,578.16,412,2026-09-16,263230109591
Product 0632,Analgesic,BioHeal,BATCH-2579-A,250.86,290.59,303,2026-11-02,587020753272
Product 0633,Antiseptic,PharmaPlus,BATCH-4463-A,41.56,55.05,485,2026-12-30,474229995398
Product 0634,Antihistamine,WellLife,BATCH-8565-B,329.23,473.47,18,2027-10-14,225756806033
Product 0635,Diabetes,PharmaPlus,BATCH-9060-C,74.99,101.41,416,2027-11-07,948353620570
Product 0636,Diabetes,NovaPharma,BATCH-2319-B,265.30,343.50,72,2027-12-21,287439564727
Product 0637,Antacid,LifeMeds,BATCH-9462-C,422.39,600.05,254,2027-09-01,339550013957
Product 0638,Analgesic,WellLife,BATCH-8258-E,442.97,633.62,112,2028-03-28,482317993852
Product 0639,Antibiotic,MediPharm,BATCH-4374-E,211.88,268.82,110,2027-12-12,268304766173
Product 0640,Antacid,HealthCorp,BATCH-4622-A,470.42,663.73,226,2027-10-18,696384242022
Product 0641,Dermatology,NovaPharma,BATCH-4173-E,354.27,448.72,492,2027-06-27,402096895249
Product 0642,Vitamin,WellLife,BATCH-9143-A,311.66,387.06,75,2027-04-25,506488685952
Product 0643,Antibiotic,WellLife,BATCH-7380-B,388.14,472.23,294,2028-05-04,464634090886
Product 0644,Vitamin,PentaHealth,BATCH-6501-C,75.17,111.60,489,2026-10-08,650836740884
Product 0645,Dermatology,CureChem,BATCH-4765-A,224.46,319.98,225,2027-01-10,197282542773
Product 0646,Respiratory,PharmaPlus,BATCH-6411-B,394.67,536.04,241,2027-10-15,238917618060
Product 0647,Antacid,CareGen,BATCH-8768-E,385.13,554.44,185,2026-10-12,286128185467
Product 0648,Vitamin,HealthCorp,BATCH-4345-E,264.52,317.68,295,2027-04-24,715620745942
Product 0649,Antiseptic,MediPharm,BATCH-7541-B,241.58,333.80,235,2028-03-19,188173773572
Product 0650,Diabetes,HealthCorp,BATCH-4653-B,41.09,56.64,149,2027-03-18,800416419071
Product 0651,Respiratory,BioHeal,BATCH-1763-B,92.79,138.21,130,2028-01-15,267773616697
Product 0652,Antiseptic,NovaPharma,BATCH-3101-D,226.99,307.40,383,2028-05-13,894362104907
Product 0653,Antacid,CureChem,BATCH-1528-E,445.36,658.97,302,2026-11-17,995259563051
Product 0654,Antacid,WellLife,BATCH-1644-A,172.75,228.35,186,2027-11-26,376028449117
Product 0655,Analgesic,MediPharm,BATCH-8826-C,309.24,406.82,125,2028-02-15,414323036080
Product 0656,Diabetes,BioHeal,BATCH-4587-C,241.39,300.05,417,2028-01-05,888585291729
Product 0657,Analgesic,WellLife,BATCH-7620-C,499.26,657.05,179,2026-06-22,420477286254
Product 0658,Antihistamine,CureChem,BATCH-1330-A,442.99,587.55,11,2026-09-19,679226888550
Product 0659,Antacid,HealthCorp,BATCH-4718-B,167.16,242.46,61,2026-12-18,396548098314
Product 0660,Respiratory,CureChem,BATCH-4412-A,423.33,568.61,349,2026-06-16,334175692903
Product 0661,Antiseptic,MediPharm,BATCH-3369-A,99.40,146.45,268,2026-08-28,784668438345
Product 0662,Antiseptic,HealthCorp,BATCH-8116-D,255.92,367.50,133,2027-12-19,742562723880
Product 0663,Antacid,HealthCorp,BATCH-2667-A,455.86,538.87,438,2028-04-29,910672444393
Product 0664,Antiseptic,MediPharm,BATCH-5858-B,443.95,513.69,244,2027-11-16,180270075293
Product 0665,Diabetes,WellLife,BATCH-3470-E,65.91,94.51,424,2027-02-09,301602254823
Product 0666,Respiratory,CareGen,BATCH-8439-D,228.92,318.95,458,2028-06-19,286340420372
Product 0667,Dermatology,LifeMeds,BATCH-6836-D,160.86,239.33,480,2028-03-14,100815807009
Product 0668,Dermatology,PentaHealth,BATCH-1532-E,22.27,27.24,244,2027-07-29,543059374221
Product 0669,Diabetes,PentaHealth,BATCH-5522-C,417.49,559.42,45,2027-04-28,937599682175
Product 0670,Antihistamine,NovaPharma,BATCH-7212-D,491.46,661.20,249,2026-12-03,360079764419
Product 0671,Antiseptic,PentaHealth,BATCH-3149-D,373.35,557.27,273,2026-12-14,753663407471
Product 0672,Analgesic,WellLife,BATCH-9998-D,351.25,519.47,308,2026-07-26,780806112660
Product 0673,Antihistamine,NovaPharma,BATCH-9730-A,332.12,428.03,411,2028-05-06,814542208864
Product 0674,Antibiotic,LifeMeds,BATCH-9741-E,178.39,241.44,273,2026-11-19,765699888989
Product 0675,Analgesic,BioHeal,BATCH-8928-C,60.70,85.69,497,2027-11-27,411850887447
Product 0676,Diabetes,LifeMeds,BATCH-7459-D,36.41,47.61,363,2027-01-16,732013163864
Product 0677,Cardiac,NovaPharma,BATCH-6735-C,499.70,674.70,57,2026-11-15,744699707722
Product 0678,Antiseptic,WellLife,BATCH-2687-E,115.16,146.47,345,2026-12-04,147357719108
Product 0679,Vitamin,BioHeal,BATCH-8352-D,298.15,429.52,222,2027-06-11,499275288267
Product 0680,Diabetes,LifeMeds,BATCH-7672-A,56.68,82.47,262,2027-02-26,216677310856
Product 0681,Respiratory,HealthCorp,BATCH-7830-B,387.19,578.74,111,2027-04-23,796987786049
Product 0682,Diabetes,MediPharm,BATCH-4895-E,482.05,690.32,62,2027-02-26,358900624175
Product 0683,Antibiotic,WellLife,BATCH-5602-A,20.17,23.73,370,2028-02-21,714443381942
Product 0684,Antibiotic,CareGen,BATCH-1678-C,21.69,26.13,467,2027-02-15,423731467091
Product 0685,Antacid,PentaHealth,BATCH-8398-D,369.87,501.68,51,2027-02-24,737710169742
Product 0686,Diabetes,CareGen,BATCH-7790-E,433.02,649.23,476,2027-02-04,420968542328
Product 0687,Respiratory,WellLife,BATCH-7278-E,30.93,39.57,199,2028-04-08,425260306883
Product 0688,Cardiac,PharmaPlus,BATCH-8433-E,385.66,561.38,262,2027-05-16,397526103598
Product 0689,Diabetes,CureChem,BATCH-4728-A,312.87,452.58,311,2027-12-13,494990236104
Product 0690,Antihistamine,BioHeal,BATCH-8470-C,44.78,60.73,111,2027-09-09,301705551431
Product 0691,Respiratory,PharmaPlus,BATCH-1193-A,287.98,413.24,394,2028-02-23,837581144472
Product 0692,Antibiotic,HealthCorp,BATCH-3630-A,457.27,642.52,444,2027-06-26,222042492171
Product 0693,Antihistamine,MediPharm,BATCH-3874-C,62.28,78.26,423,2026-06-23,252291431151
Product 0694,Antibiotic,HealthCorp,BATCH-3918-D,317.40,383.44,203,2026-12-09,313802104746
Product 0695,Cardiac,PharmaPlus,BATCH-5237-C,172.85,201.56,258,2027-11-15,998597783081
Product 0696,Antacid,WellLife,BATCH-9405-D,337.91,491.76,177,2027-06-16,474619119511
Product 0697,Respiratory,NovaPharma,BATCH-5205-B,406.14,601.49,90,2026-09-19,213290664972
Product 0698,Antacid,PentaHealth,BATCH-1321-E,431.37,613.49,226,2028-02-27,162623424890
Product 0699,Antacid,WellLife,BATCH-2790-B,220.11,277.08,304,2026-08-20,191255651503
Product 0700,Cardiac,LifeMeds,BATCH-3955-C,473.20,584.03,465,2028-04-24,423678059760
Product 0701,Antihistamine,HealthCorp,BATCH-1354-B,221.95,259.84,396,2028-01-31,870368664280
Product 0702,Respiratory,CureChem,BATCH-6962-B,128.97,168.59,79,2026-06-03,993265553511
Product 0703,Antihistamine,HealthCorp,BATCH-1319-D,292.07,411.97,87,2028-01-01,599250604479
Product 0704,Antibiotic,WellLife,BATCH-2779-C,282.26,355.49,437,2026-11-21,677986172149
Product 0705,Dermatology,NovaPharma,BATCH-5860-E,426.50,610.02,41,2026-06-29,522595761368
Product 0706,Analgesic,BioHeal,BATCH-3080-B,499.59,616.80,377,2027-08-03,712386387347
Product 0707,Antibiotic,WellLife,BATCH-3175-C,475.96,667.16,260,2026-12-14,796074499804
Product 0708,Dermatology,CureChem,BATCH-2256-C,322.87,394.64,124,2026-08-05,343663558406
Product 0709,Cardiac,NovaPharma,BATCH-9837-B,205.19,259.99,339,2027-03-28,980101572664
Product 0710,Vitamin,WellLife,BATCH-7842-E,478.54,636.74,314,2027-10-09,599178721069
Product 0711,Analgesic,LifeMeds,BATCH-9163-A,132.91,191.26,82,2026-04-09,227819118665
Product 0712,Cardiac,WellLife,BATCH-5642-D,382.71,459.94,268,2026-10-26,966271200483
Product 0713,Respiratory,NovaPharma,BATCH-5710-B,333.70,444.13,418,2027-08-26,389641426674
Product 0714,Antiseptic,MediPharm,BATCH-4676-D,264.68,375.15,385,2026-10-08,814129422403
Product 0715,Antiseptic,PharmaPlus,BATCH-9661-E,328.80,482.31,96,2026-11-27,278362928838
Product 0716,Vitamin,WellLife,BATCH-5290-A,471.84,688.24,254,2027-02-19,204979062361
Product 0717,Dermatology,LifeMeds,BATCH-1401-D,464.68,569.62,175,2027-03-13,665647496456
Product 0718,Dermatology,LifeMeds,BATCH-7540-B,82.53,112.65,370,2026-10-14,413348285117
Product 0719,Analgesic,CareGen,BATCH-6141-C,167.14,246.67,179,2026-11-11,608234623022
Product 0720,Dermatology,PentaHealth,BATCH-1963-A,225.66,283.00,396,2028-05-26,612133016365
Product 0721,Cardiac,HealthCorp,BATCH-3160-C,427.82,543.80,306,2026-05-16,829611492117
Product 0722,Dermatology,LifeMeds,BATCH-3166-C,362.43,421.56,237,2027-03-27,142204462152
Product 0723,Antiseptic,BioHeal,BATCH-4945-D,48.39,60.41,40,2026-12-28,378015084198
Product 0724,Antihistamine,CureChem,BATCH-4900-B,428.89,540.79,437,2027-08-24,724938503325
Product 0725,Vitamin,HealthCorp,BATCH-4264-B,410.18,496.99,179,2026-07-10,618573100864
Product 0726,Analgesic,WellLife,BATCH-8089-D,187.13,261.65,315,2026-10-16,475008666648
Product 0727,Antacid,NovaPharma,BATCH-3590-A,202.80,300.40,191,2027-05-23,744850587303
Product 0728,Dermatology,PharmaPlus,BATCH-3725-C,239.77,353.29,212,2027-08-11,630912128716
Product 0729,Respiratory,LifeMeds,BATCH-7265-D,45.96,54.19,191,2027-05-13,457687764091
Product 0730,Antibiotic,PharmaPlus,BATCH-7079-D,414.81,542.98,343,2026-04-30,411335960231
Product 0731,Antacid,MediPharm,BATCH-8298-D,63.27,86.82,105,2028-05-31,246865950327
Product 0732,Antacid,HealthCorp,BATCH-5485-E,444.15,557.85,273,2027-07-19,458211824490
Product 0733,Analgesic,CareGen,BATCH-8652-D,432.41,643.52,317,2026-12-26,148886532521
Product 0734,Dermatology,LifeMeds,BATCH-6322-D,64.67,92.73,18,2027-09-08,963046088665
Product 0735,Analgesic,WellLife,BATCH-5421-A,333.26,406.07,220,2028-02-12,829960945657
Product 0736,Diabetes,MediPharm,BATCH-1993-B,409.82,599.66,219,2026-06-25,901279268628
Product 0737,Antibiotic,HealthCorp,BATCH-4261-B,299.78,349.16,92,2026-07-07,855013184860
Product 0738,Analgesic,BioHeal,BATCH-8468-E,102.30,141.31,248,2027-08-21,904053063294
Product 0739,Antiseptic,BioHeal,BATCH-4542-E,263.67,328.30,375,2026-09-01,490614639241
Product 0740,Respiratory,CareGen,BATCH-1055-D,397.51,523.90,59,2027-04-13,844788795198
Product 0741,Vitamin,WellLife,BATCH-5264-E,447.78,625.91,420,2026-10-09,958650815917
Product 0742,Dermatology,MediPharm,BATCH-7371-A,221.00,324.18,461,2027-05-07,732478492710
Product 0743,Antibiotic,MediPharm,BATCH-5522-B,66.73,92.28,236,2026-06-17,487025697061
Product 0744,Antihistamine,CureChem,BATCH-7626-D,263.97,335.35,245,2027-09-14,944301974656
Product 0745,Analgesic,LifeMeds,BATCH-3435-C,325.25,416.01,392,2027-11-21,612919801667
Product 0746,Respiratory,CareGen,BATCH-3868-C,132.52,163.47,254,2027-01-24,792128050070
Product 0747,Vitamin,NovaPharma,BATCH-4885-C,368.50,537.66,268,2027-07-26,586188178612
Product 0748,Diabetes,NovaPharma,BATCH-2334-D,240.68,315.34,435,2026-09-01,607137039611
Product 0749,Antibiotic,CureChem,BATCH-7803-D,348.97,435.66,130,2026-08-27,126317808150
Product 0750,Cardiac,NovaPharma,BATCH-6151-E,248.50,289.68,439,2026-10-05,825526667767
Product 0751,Antihistamine,PentaHealth,BATCH-3178-E,493.58,685.47,495,2027-04-29,914873700258
Product 0752,Antiseptic,BioHeal,BATCH-7045-E,51.88,69.87,292,2026-10-08,724414536405
Product 0753,Cardiac,CureChem,BATCH-3763-A,112.74,165.10,173,2028-03-13,597534996632
Product 0754,Respiratory,LifeMeds,BATCH-2504-A,145.18,204.25,100,2026-05-17,414999200348
Product 0755,Dermatology,PentaHealth,BATCH-5322-C,271.90,395.93,410,2026-09-06,563361832306
Product 0756,Antacid,MediPharm,BATCH-9261-C,476.18,597.91,220,2026-07-30,137252697372
Product 0757,Antibiotic,LifeMeds,BATCH-6998-A,188.47,281.12,111,2026-06-04,683849548893
Product 0758,Vitamin,BioHeal,BATCH-1323-C,64.36,95.55,163,2026-09-02,842460744783
Product 0759,Antacid,MediPharm,BATCH-7325-B,402.20,466.61,223,2027-10-01,907604479296
Product 0760,Cardiac,LifeMeds,BATCH-4685-E,268.36,341.21,262,2027-05-27,968677228059
Product 0761,Analgesic,MediPharm,BATCH-9926-D,428.88,558.90,473,2028-05-16,789806823606
Product 0762,Respiratory,CareGen,BATCH-5244-A,72.68,97.99,34,2027-11-30,827790567690
Product 0763,Analgesic,BioHeal,BATCH-9418-B,350.13,446.01,118,2027-06-10,702815856920
Product 0764,Vitamin,CareGen,BATCH-3951-B,83.40,107.01,443,2027-10-16,467867169983
Product 0765,Respiratory,HealthCorp,BATCH-7835-A,437.16,527.72,495,2026-07-13,281328053758
Product 0766,Analgesic,PharmaPlus,BATCH-9058-C,426.68,550.24,498,2026-10-09,837114654578
Product 0767,Vitamin,LifeMeds,BATCH-4115-B,172.86,243.94,103,2026-06-16,486324524491
Product 0768,Diabetes,CureChem,BATCH-5539-B,123.12,169.07,58,2026-12-02,112059917171
Product 0769,Antacid,PentaHealth,BATCH-6444-C,183.84,220.23,69,2028-02-14,933588896796
Product 0770,Respiratory,LifeMeds,BATCH-2755-E,469.22,570.46,120,2028-01-09,120133281455
Product 0771,Dermatology,HealthCorp,BATCH-2579-A,182.34,217.35,165,2028-04-02,231904290804
Product 0772,Vitamin,LifeMeds,BATCH-7381-A,366.79,490.81,145,2028-05-10,860709977118
Product 0773,Diabetes,PentaHealth,BATCH-3064-A,427.04,575.79,54,2027-03-29,566169236766
Product 0774,Vitamin,CareGen,BATCH-5289-C,132.03,159.17,468,2027-04-15,135265274681
Product 0775,Diabetes,CureChem,BATCH-3837-E,213.28,304.56,237,2027-06-16,930309247319
Product 0776,Antibiotic,HealthCorp,BATCH-5361-B,331.84,455.25,106,2027-05-11,971135394589
Product 0777,Analgesic,LifeMeds,BATCH-1186-D,140.50,209.50,237,2028-04-04,184901419508
Product 0778,Antihistamine,CureChem,BATCH-1506-C,250.25,369.91,176,2027-03-30,458395495261
Product 0779,Antihistamine,BioHeal,BATCH-4683-E,96.96,133.59,443,2027-11-13,568064321600
Product 0780,Antibiotic,LifeMeds,BATCH-4077-E,235.68,297.52,332,2028-06-01,582477493975
Product 0781,Antihistamine,BioHeal,BATCH-7237-D,476.76,631.19,33,2026-11-30,120721839178
Product 0782,Diabetes,WellLife,BATCH-3955-E,420.31,519.30,421,2027-07-21,664183522356
Product 0783,Antiseptic,PharmaPlus,BATCH-8898-B,305.44,404.38,63,2026-07-10,353167183345
Product 0784,Cardiac,PentaHealth,BATCH-2975-E,444.36,584.85,180,2026-06-08,872137653903
Product 0785,Antibiotic,HealthCorp,BATCH-7561-D,365.13,482.82,256,2027-03-01,402918276340
Product 0786,Vitamin,WellLife,BATCH-3232-D,373.81,502.98,79,2026-08-26,853323589792
Product 0787,Antacid,CureChem,BATCH-3755-A,328.24,382.68,196,2028-04-26,621785946600
Product 0788,Respiratory,BioHeal,BATCH-5478-A,182.64,245.32,337,2027-06-13,568652497777
Product 0789,Antihistamine,PharmaPlus,BATCH-6112-E,125.03,154.60,42,2026-12-28,105598083449
Product 0790,Antiseptic,LifeMeds,BATCH-7841-D,168.88,208.70,135,2026-08-04,360985948053
Product 0791,Dermatology,CureChem,BATCH-6652-D,233.33,323.59,125,2027-08-09,988483397641
Product 0792,Antacid,CureChem,BATCH-5612-C,422.50,633.47,316,2027-06-26,538170488727
Product 0793,Antacid,WellLife,BATCH-2010-E,94.42,135.62,350,2028-05-20,925645945308
Product 0794,Antacid,LifeMeds,BATCH-2718-C,28.29,41.23,168,2026-10-14,431155526484
Product 0795,Analgesic,WellLife,BATCH-8260-B,33.12,40.97,194,2028-01-06,675586985881
Product 0796,Antacid,PharmaPlus,BATCH-3448-C,51.79,61.43,408,2028-06-11,457384178726
Product 0797,Dermatology,LifeMeds,BATCH-3118-A,270.44,402.43,109,2027-06-16,399426929320
Product 0798,Cardiac,CureChem,BATCH-7937-C,236.23,326.16,345,2027-04-26,926816870428
Product 0799,Vitamin,NovaPharma,BATCH-6847-B,285.31,388.48,315,2028-06-15,381857387644
Product 0800,Antibiotic,NovaPharma,BATCH-4639-B,332.34,464.29,408,2026-05-13,510786027026
Product 0801,Cardiac,WellLife,BATCH-8552-C,205.22,305.60,42,2027-05-20,311264739539
Product 0802,Antiseptic,CareGen,BATCH-7014-B,245.71,343.78,75,2027-06-12,651138834181
Product 0803,Cardiac,MediPharm,BATCH-1983-A,40.62,49.04,85,2028-02-20,282575484689
Product 0804,Diabetes,CareGen,BATCH-5851-B,353.25,501.23,454,2026-04-15,386572457148
Product 0805,Analgesic,LifeMeds,BATCH-1568-D,66.45,83.96,92,2028-05-19,599138744187
Product 0806,Antihistamine,PharmaPlus,BATCH-5463-A,458.76,624.91,493,2026-11-25,288983768046
Product 0807,Antiseptic,LifeMeds,BATCH-9447-C,175.86,262.64,94,2027-03-27,406404163491
Product 0808,Cardiac,HealthCorp,BATCH-9561-C,365.53,424.68,190,2028-04-30,129137529912
Product 0809,Antacid,CureChem,BATCH-7049-A,233.23,311.10,110,2027-11-01,100990296286
Product 0810,Cardiac,WellLife,BATCH-2821-A,414.56,506.55,210,2027-05-02,233345668084
Product 0811,Respiratory,PharmaPlus,BATCH-6788-B,331.74,391.43,435,2028-04-30,597510308375
Product 0812,Antihistamine,CareGen,BATCH-2267-E,296.89,422.44,464,2026-10-14,844587511943
Product 0813,Vitamin,LifeMeds,BATCH-1475-E,457.90,664.84,477,2028-05-17,483140679424
Product 0814,Antihistamine,CureChem,BATCH-1584-A,30.66,44.94,209,2027-03-28,305671460052
Product 0815,Antiseptic,MediPharm,BATCH-2457-E,185.71,264.76,468,2027-09-05,827284828661
Product 0816,Dermatology,WellLife,BATCH-6047-B,286.04,393.31,17,2027-12-17,257393854556
Product 0817,Cardiac,BioHeal,BATCH-9325-B,386.72,547.41,398,2027-10-02,347079471956
Product 0818,Dermatology,PentaHealth,BATCH-2839-B,169.98,236.80,190,2027-01-31,313013659074
Product 0819,Respiratory,HealthCorp,BATCH-7463-C,407.76,528.75,14,2027-11-12,898019881213
Product 0820,Antacid,NovaPharma,BATCH-5706-A,228.82,308.83,268,2028-06-04,469161709847
Product 0821,Cardiac,HealthCorp,BATCH-7841-C,69.15,99.66,33,2026-12-16,416642752762
Product 0822,Antacid,PharmaPlus,BATCH-6076-E,85.31,115.60,299,2027-10-17,482816543661
Product 0823,Dermatology,CureChem,BATCH-9080-D,159.67,221.84,484,2026-06-16,258796552804
Product 0824,Vitamin,PharmaPlus,BATCH-6752-B,101.38,132.63,429,2027-06-11,447530905738
Product 0825,Diabetes,HealthCorp,BATCH-4795-B,163.76,227.45,123,2028-06-01,177449415269
Product 0826,Antiseptic,NovaPharma,BATCH-5461-D,79.47,115.08,71,2027-09-03,104992787950
Product 0827,Antiseptic,MediPharm,BATCH-6839-E,436.86,514.23,366,2027-12-03,643180168370
Product 0828,Vitamin,CareGen,BATCH-1060-B,350.26,457.90,118,2027-10-27,802956069267
Product 0829,Cardiac,LifeMeds,BATCH-5593-D,117.98,152.77,134,2027-10-30,746977426108
Product 0830,Antibiotic,BioHeal,BATCH-1730-A,270.89,340.57,95,2027-06-04,208744683548
Product 0831,Antibiotic,NovaPharma,BATCH-3132-B,480.09,574.41,249,2026-09-28,748003559968
Product 0832,Cardiac,PentaHealth,BATCH-9106-A,347.74,490.08,133,2027-01-13,372977693065
Product 0833,Dermatology,CareGen,BATCH-4817-A,214.62,291.23,124,2027-03-13,960333813130
Product 0834,Antibiotic,CureChem,BATCH-1597-C,297.93,366.14,41,2027-11-24,289939401928
Product 0835,Respiratory,HealthCorp,BATCH-2380-C,141.87,201.31,101,2027-01-02,925237320828
Product 0836,Antihistamine,NovaPharma,BATCH-5903-D,342.61,440.10,100,2028-05-10,847362621714
Product 0837,Antihistamine,PharmaPlus,BATCH-7831-E,285.08,338.95,412,2026-06-26,415223761099
Product 0838,Antiseptic,CureChem,BATCH-5344-D,402.11,462.94,71,2028-04-10,933123668068
Product 0839,Antiseptic,PentaHealth,BATCH-2432-C,464.63,630.26,318,2026-08-09,464091554999
Product 0840,Antiseptic,HealthCorp,BATCH-1237-E,50.45,67.76,320,2027-02-25,319681142589
Product 0841,Antibiotic,PentaHealth,BATCH-6839-B,144.26,200.33,226,2026-09-15,933251129860
Product 0842,Antiseptic,HealthCorp,BATCH-5542-D,492.95,637.49,337,2027-01-03,986821175315
Product 0843,Dermatology,WellLife,BATCH-7905-E,213.52,304.42,224,2028-05-05,667172476961
Product 0844,Antiseptic,CareGen,BATCH-1339-A,268.84,349.50,110,2028-01-30,678485371752
Product 0845,Antacid,HealthCorp,BATCH-9913-E,345.08,430.46,181,2027-02-23,979366105550
Product 0846,Diabetes,CareGen,BATCH-3665-B,225.04,334.99,418,2027-09-27,225420512494
Product 0847,Vitamin,PharmaPlus,BATCH-3834-D,193.44,256.31,60,2027-04-24,408860196354
Product 0848,Antacid,BioHeal,BATCH-9730-B,480.27,668.47,108,2027-09-12,848447420685
Product 0849,Antacid,NovaPharma,BATCH-4568-D,35.67,42.56,311,2028-01-27,900960427320
Product 0850,Antihistamine,MediPharm,BATCH-1350-D,427.01,588.83,361,2028-03-04,807465148050
Product 0851,Diabetes,HealthCorp,BATCH-6492-E,102.29,135.32,48,2026-05-15,428527279258
Product 0852,Antacid,WellLife,BATCH-9294-B,151.41,187.61,303,2027-08-25,979082273614
Product 0853,Antihistamine,CareGen,BATCH-3170-E,337.08,421.14,394,2028-06-10,882435621883
Product 0854,Antibiotic,MediPharm,BATCH-1045-D,33.51,46.60,413,2028-04-07,464354745412
Product 0855,Antacid,WellLife,BATCH-6730-B,129.68,173.23,299,2028-03-26,391576173946
Product 0856,Analgesic,MediPharm,BATCH-6850-A,442.52,591.17,241,2027-07-24,887055553420
Product 0857,Antibiotic,HealthCorp,BATCH-2042-E,24.79,31.52,333,2027-01-01,799798717922
Product 0858,Antiseptic,WellLife,BATCH-8136-E,119.12,163.98,120,2026-12-06,366526412954
Product 0859,Respiratory,HealthCorp,BATCH-7113-E,211.69,249.17,369,2027-06-14,418897092376
Product 0860,Cardiac,PharmaPlus,BATCH-5773-B,144.30,202.07,66,2026-10-10,118558529077
Product 0861,Cardiac,CureChem,BATCH-2502-C,402.55,510.59,422,2026-05-17,870375793571
Product 0862,Antibiotic,HealthCorp,BATCH-9259-C,47.14,66.44,234,2027-02-26,546417638597
Product 0863,Antiseptic,PharmaPlus,BATCH-9533-B,289.43,386.06,285,2028-01-30,414591426025
Product 0864,Respiratory,MediPharm,BATCH-8780-A,408.96,499.44,36,2026-11-13,620570958775
Product 0865,Respiratory,NovaPharma,BATCH-5478-D,460.58,539.23,424,2028-04-30,910254191156
Product 0866,Analgesic,WellLife,BATCH-2314-B,34.70,44.78,37,2028-04-10,638664806625
Product 0867,Cardiac,HealthCorp,BATCH-4520-D,165.46,247.07,219,2026-09-07,611738705085
Product 0868,Respiratory,CareGen,BATCH-5543-B,228.92,340.67,49,2026-05-13,397360821441
Product 0869,Antihistamine,NovaPharma,BATCH-3498-A,437.43,595.24,470,2026-05-29,535748119076
Product 0870,Dermatology,PharmaPlus,BATCH-2733-C,477.69,591.52,78,2026-05-23,233065505475
Product 0871,Dermatology,CareGen,BATCH-8000-C,324.02,389.01,474,2026-07-21,416836280158
Product 0872,Vitamin,MediPharm,BATCH-9014-B,382.37,523.04,463,2026-05-02,485957586178
Product 0873,Antiseptic,BioHeal,BATCH-3282-B,91.14,124.07,302,2026-07-18,237009472560
Product 0874,Respiratory,WellLife,BATCH-7754-A,402.49,552.54,167,2027-05-22,912334920329
Product 0875,Vitamin,PharmaPlus,BATCH-2253-D,342.67,401.19,150,2027-08-15,284122954015
Product 0876,Antacid,WellLife,BATCH-6829-E,194.64,250.59,260,2026-05-25,137727867359
Product 0877,Vitamin,BioHeal,BATCH-5502-D,84.29,97.25,414,2026-06-12,271454321036
Product 0878,Antibiotic,LifeMeds,BATCH-1068-E,130.50,184.08,446,2027-05-03,863066507280
Product 0879,Diabetes,WellLife,BATCH-5654-E,103.49,140.57,58,2027-12-23,233805475276
Product 0880,Dermatology,CareGen,BATCH-5379-C,66.21,95.65,329,2027-05-29,535923878406
Product 0881,Vitamin,NovaPharma,BATCH-3829-A,466.06,596.41,188,2027-12-24,971649707385
Product 0882,Respiratory,CureChem,BATCH-8458-D,149.68,189.25,92,2027-10-21,919403590176
Product 0883,Dermatology,BioHeal,BATCH-6355-A,90.81,105.77,145,2027-04-18,125870305183
Product 0884,Antibiotic,MediPharm,BATCH-2635-D,489.17,625.39,403,2026-10-24,635633476426
Product 0885,Antiseptic,BioHeal,BATCH-6159-E,485.27,685.33,345,2026-12-15,719889801052
Product 0886,Vitamin,MediPharm,BATCH-3072-D,213.14,318.43,23,2026-05-20,597208990356
Product 0887,Antibiotic,LifeMeds,BATCH-8242-B,407.65,552.83,181,2026-08-25,840110668213
Product 0888,Antibiotic,MediPharm,BATCH-3822-A,438.91,515.40,90,2028-03-12,910055128728
Product 0889,Antacid,HealthCorp,BATCH-7100-E,257.56,316.81,299,2026-04-05,459110200278
Product 0890,Antiseptic,CureChem,BATCH-9539-B,218.64,263.27,402,2027-11-18,403143640781
Product 0891,Analgesic,LifeMeds,BATCH-3948-D,33.96,44.10,131,2027-08-19,793638534929
Product 0892,Cardiac,PharmaPlus,BATCH-9421-A,187.21,248.26,20,2028-03-12,943889225794
Product 0893,Antacid,HealthCorp,BATCH-1840-C,67.21,91.20,400,2027-07-19,954146700902
Product 0894,Antiseptic,LifeMeds,BATCH-8612-A,73.18,95.63,205,2027-12-12,545667024251
Product 0895,Respiratory,WellLife,BATCH-8325-C,420.16,517.92,147,2028-05-16,708041118047
Product 0896,Analgesic,CureChem,BATCH-3276-B,282.65,412.54,276,2028-02-19,718195428093
Product 0897,Vitamin,HealthCorp,BATCH-7545-C,443.31,579.30,462,2028-01-04,927630805818
Product 0898,Respiratory,CureChem,BATCH-7633-A,111.88,152.10,285,2027-09-25,123621275184
Product 0899,Vitamin,PharmaPlus,BATCH-8259-E,206.77,299.04,346,2026-04-05,153599259825
Product 0900,Antacid,LifeMeds,BATCH-5002-D,317.36,432.10,431,2026-07-09,545807498079
Product 0901,Antibiotic,MediPharm,BATCH-6521-C,79.99,108.85,56,2028-05-19,327927475084
Product 0902,Antihistamine,MediPharm,BATCH-2644-E,249.42,330.67,53,2028-05-22,657008172783
Product 0903,Respiratory,PharmaPlus,BATCH-5862-D,97.77,131.92,214,2027-08-27,128278444873
Product 0904,Antihistamine,HealthCorp,BATCH-8663-E,424.54,498.15,145,2028-06-04,374074185264
Product 0905,Respiratory,HealthCorp,BATCH-5424-E,215.31,274.17,198,2027-06-28,758469418973
Product 0906,Vitamin,MediPharm,BATCH-6543-D,92.55,121.42,454,2027-09-26,934554791780
Product 0907,Antihistamine,CareGen,BATCH-9499-C,280.12,336.96,329,2026-11-23,759683742518
Product 0908,Cardiac,BioHeal,BATCH-2297-A,122.78,170.99,187,2027-06-08,484603892289
Product 0909,Cardiac,CareGen,BATCH-3664-B,81.35,95.47,25,2027-05-26,987085030939
Product 0910,Respiratory,PentaHealth,BATCH-9535-D,331.63,408.35,62,2027-07-28,384573196320
Product 0911,Antacid,NovaPharma,BATCH-2638-B,382.98,487.11,488,2027-06-20,629596459227
Product 0912,Dermatology,MediPharm,BATCH-2292-B,253.20,374.52,135,2027-08-08,375988066560
Product 0913,Respiratory,PentaHealth,BATCH-2912-E,387.28,493.64,169,2026-11-14,898420685506
Product 0914,Antihistamine,BioHeal,BATCH-9683-D,468.89,542.25,159,2028-01-23,602675679468
Product 0915,Antacid,CareGen,BATCH-8905-E,489.18,666.24,211,2027-11-12,316302051732
Product 0916,Dermatology,NovaPharma,BATCH-8796-E,462.27,569.62,172,2027-09-19,297617616118
Product 0917,Antihistamine,CareGen,BATCH-1737-D,334.81,488.48,165,2026-07-12,987957839873
Product 0918,Antiseptic,LifeMeds,BATCH-6976-A,425.26,542.37,118,2027-09-25,861845017217
Product 0919,Antibiotic,BioHeal,BATCH-4428-B,172.64,255.16,100,2027-09-10,500499514013
Product 0920,Dermatology,MediPharm,BATCH-3156-D,119.69,176.33,483,2026-07-15,337796350299
Product 0921,Vitamin,HealthCorp,BATCH-9605-D,410.40,514.70,329,2028-03-02,309301552545
Product 0922,Diabetes,NovaPharma,BATCH-3727-B,129.45,169.92,459,2026-12-23,981605181683
Product 0923,Vitamin,WellLife,BATCH-1352-D,138.33,200.87,232,2026-12-15,730098461179
Product 0924,Respiratory,NovaPharma,BATCH-7973-E,347.92,465.71,321,2028-03-11,368294749794
Product 0925,Analgesic,BioHeal,BATCH-6598-A,325.91,390.87,281,2027-06-02,350056312633
Product 0926,Antibiotic,NovaPharma,BATCH-3562-B,82.93,107.36,80,2026-07-20,260314780679
Product 0927,Analgesic,MediPharm,BATCH-8821-D,199.67,256.62,287,2027-02-17,871207635997
Product 0928,Antihistamine,CureChem,BATCH-8063-E,290.25,346.56,75,2026-08-10,542667101340
Product 0929,Diabetes,HealthCorp,BATCH-3598-D,164.07,224.46,359,2026-10-04,663379157094
Product 0930,Respiratory,CureChem,BATCH-8559-B,285.37,408.96,156,2028-02-01,810732242578
Product 0931,Cardiac,CureChem,BATCH-1232-E,87.87,109.51,77,2026-10-18,678524566473
Product 0932,Analgesic,MediPharm,BATCH-9053-D,64.67,96.85,12,2027-12-05,244002960547
Product 0933,Respiratory,CureChem,BATCH-7545-D,341.45,434.28,72,2026-12-20,554755549918
Product 0934,Cardiac,WellLife,BATCH-7305-B,172.50,207.81,461,2026-10-17,291006725499
Product 0935,Analgesic,HealthCorp,BATCH-6853-C,155.83,197.87,469,2027-01-10,643218681101
Product 0936,Diabetes,CareGen,BATCH-8661-A,40.10,54.14,342,2027-01-26,739959448189
Product 0937,Vitamin,CareGen,BATCH-4582-A,42.64,61.36,310,2027-01-15,191703790152
Product 0938,Antibiotic,BioHeal,BATCH-7856-C,435.59,532.13,183,2027-01-27,222890686011
Product 0939,Diabetes,HealthCorp,BATCH-3505-E,361.58,433.05,359,2027-12-02,743266954807
Product 0940,Cardiac,BioHeal,BATCH-2054-A,219.15,307.17,224,2026-08-16,142274110414
Product 0941,Antiseptic,NovaPharma,BATCH-1893-A,281.27,334.13,82,2028-01-17,542773655071
Product 0942,Antiseptic,CareGen,BATCH-7013-D,156.36,216.92,81,2026-08-08,146025655576
Product 0943,Antiseptic,NovaPharma,BATCH-7610-D,138.78,186.44,164,2027-05-02,917255425904
Product 0944,Vitamin,LifeMeds,BATCH-6451-C,78.18,117.04,383,2026-04-18,679975990696
Product 0945,Analgesic,NovaPharma,BATCH-1685-D,158.84,237.83,102,2026-10-20,231184477911
Product 0946,Analgesic,CureChem,BATCH-8430-E,207.95,270.71,363,2027-07-22,677174281141
Product 0947,Dermatology,HealthCorp,BATCH-6938-A,171.63,237.90,300,2027-04-07,829520276226
Product 0948,Antiseptic,PharmaPlus,BATCH-9547-E,372.69,487.93,188,2027-09-24,390302042693
Product 0949,Diabetes,CareGen,BATCH-8457-D,462.97,595.73,274,2027-01-08,410275054929
Product 0950,Antiseptic,MediPharm,BATCH-2408-C,88.42,123.71,78,2026-10-24,507972306867
Product 0951,Dermatology,BioHeal,BATCH-5423-D,97.88,137.75,243,2028-04-26,512138656345
Product 0952,Respiratory,BioHeal,BATCH-2764-A,103.78,120.92,132,2028-05-20,979690574468
Product 0953,Diabetes,PharmaPlus,BATCH-4854-A,52.37,65.50,331,2027-07-20,543751729019
Product 0954,Antacid,HealthCorp,BATCH-5594-D,435.02,592.58,398,2027-04-11,831094613953
Product 0955,Antacid,NovaPharma,BATCH-3405-E,180.38,246.25,53,2027-02-03,443381123092
Product 0956,Antacid,PharmaPlus,BATCH-5064-E,266.09,379.08,317,2026-08-26,488691442378
Product 0957,Diabetes,CureChem,BATCH-2024-C,159.11,211.78,157,2027-09-08,789030025096
Product 0958,Antacid,CareGen,BATCH-8286-B,246.00,331.51,483,2027-04-24,450652814952
Product 0959,Analgesic,WellLife,BATCH-7716-A,458.85,537.33,302,2027-07-29,391877211846
Product 0960,Antacid,MediPharm,BATCH-4352-C,258.65,300.93,355,2028-02-12,695290598485
Product 0961,Diabetes,NovaPharma,BATCH-2369-D,209.71,273.68,250,2027-09-25,295855414089
Product 0962,Antiseptic,WellLife,BATCH-7278-E,105.90,126.29,27,2027-11-08,986238081378
Product 0963,Antiseptic,HealthCorp,BATCH-2515-E,113.05,140.57,482,2027-05-30,977155021184
Product 0964,Respiratory,NovaPharma,BATCH-9593-B,384.38,445.94,60,2027-07-16,546604104436
Product 0965,Antibiotic,CureChem,BATCH-5763-A,232.73,343.67,294,2026-09-14,485470011194
Product 0966,Diabetes,LifeMeds,BATCH-1578-A,218.50,271.66,217,2027-06-20,730911433663
Product 0967,Diabetes,NovaPharma,BATCH-4723-D,84.39,109.04,304,2027-08-19,392987141702
Product 0968,Respiratory,CureChem,BATCH-3153-B,383.98,493.83,428,2028-03-17,934908413117
Product 0969,Antibiotic,NovaPharma,BATCH-8904-B,325.73,412.39,307,2028-02-18,533007460726
Product 0970,Cardiac,WellLife,BATCH-1978-E,82.03,95.58,76,2026-04-20,808961207117
Product 0971,Analgesic,PharmaPlus,BATCH-3835-A,426.70,532.11,405,2027-09-14,633547205402
Product 0972,Antihistamine,BioHeal,BATCH-6185-D,489.32,638.49,500,2027-03-20,798336217150
Product 0973,Diabetes,CareGen,BATCH-9164-B,468.75,614.81,120,2028-04-04,943410876903
Product 0974,Cardiac,MediPharm,BATCH-3122-A,47.81,63.03,217,2027-04-30,331705900946
Product 0975,Respiratory,HealthCorp,BATCH-2884-E,302.90,369.41,79,2026-09-06,415726322914
Product 0976,Diabetes,CureChem,BATCH-3881-D,396.60,575.78,439,2026-09-07,218861571435
Product 0977,Antacid,HealthCorp,BATCH-5897-E,385.66,508.25,91,2026-08-12,499908901425
Product 0978,Dermatology,PentaHealth,BATCH-1795-C,287.53,385.68,438,2026-08-21,656360365788
Product 0979,Analgesic,WellLife,BATCH-5731-A,305.70,437.93,104,2027-06-04,414833214710
Product 0980,Cardiac,WellLife,BATCH-5941-C,228.13,341.08,102,2026-08-25,686361072356
Product 0981,Antacid,WellLife,BATCH-3402-D,128.86,190.99,360,2027-09-24,651449716296
Product 0982,Vitamin,PentaHealth,BATCH-5740-D,415.02,567.16,300,2028-02-20,823618263757
Product 0983,Antihistamine,NovaPharma,BATCH-9521-E,140.47,206.39,204,2026-06-08,279810189346
Product 0984,Vitamin,PentaHealth,BATCH-8516-D,204.00,244.67,33,2026-07-04,425381888805
Product 0985,Antihistamine,HealthCorp,BATCH-1867-A,310.29,438.75,229,2027-04-24,495168793458
Product 0986,Diabetes,MediPharm,BATCH-4388-B,60.46,88.51,462,2027-10-03,885369639816
Product 0987,Cardiac,BioHeal,BATCH-1723-B,147.96,210.83,103,2028-03-24,375294090460
Product 0988,Dermatology,LifeMeds,BATCH-2035-D,484.53,720.98,357,2027-05-11,817663008412
Product 0989,Antibiotic,BioHeal,BATCH-6772-C,434.30,577.31,138,2027-09-09,107351411946
Product 0990,Diabetes,CureChem,BATCH-5238-A,268.10,386.15,497,2027-04-15,386303374867
Product 0991,Antacid,MediPharm,BATCH-3083-D,120.40,165.69,149,2027-03-18,925410350308
Product 0992,Antihistamine,HealthCorp,BATCH-6771-A,168.37,218.85,286,2028-05-06,876940612265
Product 0993,Antibiotic,HealthCorp,BATCH-2767-A,60.69,80.08,206,2028-01-23,534107828818
Product 0994,Antiseptic,MediPharm,BATCH-5785-B,368.37,441.32,349,2027-06-28,877320641401
Product 0995,Respiratory,PentaHealth,BATCH-7328-A,386.18,480.83,234,2026-10-06,756776895852
Product 0996,Dermatology,CareGen,BATCH-9302-B,169.89,226.40,214,2027-09-10,321598817918
Product 0997,Antiseptic,PentaHealth,BATCH-3181-B,146.53,179.64,92,2026-11-21,748843870627
Product 0998,Antiseptic,CureChem,BATCH-2177-D,465.58,689.94,75,2026-10-26,105125380694
Product 0999,Diabetes,BioHeal,BATCH-2802-D,429.84,530.49,56,2027-08-08,154098182907
Product 1000,Antihistamine,CureChem,BATCH-3358-B,176.35,228.99,414,2027-03-16,458263930671
